<?xml version="1.0"?>
<VTKFile type="PolyData" version="0.1" byte_order="LittleEndian">
  <PolyData>
    <Piece NumberOfPoints="1321" NumberOfVerts="0" NumberOfLines="0" NumberOfStrips="0" NumberOfPolys="2638">
      <PointData Normals="Normals">
        <DataArray type="Float32" Name="Normals" NumberOfComponents="3" format="ascii">
-0.446037 -0.868791 -0.215065 -0.385276 -0.920744 -0.061594 -0.266421 -0.838654 -0.475057
-0.374960 -0.841166 -0.389673 -0.494743 -0.867194 0.056601 -0.498480 -0.863602 0.075553
-0.148691 -0.987289 -0.056129 -0.313429 -0.926650 0.207561 -0.177559 -0.509066 -0.842214
-0.258630 -0.542692 -0.799122 -0.102672 -0.824322 -0.556733 -0.141263 -0.882343 -0.448904
-0.293121 -0.535208 -0.792233 -0.423905 -0.596496 -0.681540 -0.496876 -0.825679 -0.267149
-0.279878 -0.911091 0.302624 -0.378720 -0.862737 0.335048 -0.652584 -0.751314 -0.098292
-0.585094 -0.792001 0.174354 -0.030757 -0.975436 -0.218127 0.040133 -0.971519 0.233539
-0.087241 -0.950244 0.299041 -0.174923 -0.182349 -0.967549 -0.139409 -0.173271 -0.974957
-0.085971 -0.460571 -0.883450 -0.200504 -0.204121 -0.958193 -0.077332 -0.912113 -0.402578
-0.008782 -0.752604 -0.658415 -0.000200 -0.985027 -0.172402 -0.001156 -0.978543 -0.206040
-0.276602 -0.228810 -0.933347 -0.606455 -0.569028 -0.555355 -0.465976 -0.278332 -0.839879
0.065560 -0.952691 0.296787 -0.115374 -0.934885 0.335677 -0.420794 -0.866852 0.267396
-0.750797 -0.499253 -0.432492 -0.710798 -0.686107 -0.154996 -0.581414 -0.812282 0.046429
-0.066001 -0.955584 0.287233 -0.066187 -0.965450 0.252042 -0.112133 0.029892 -0.993243
-0.084826 0.037051 -0.995707 -0.052001 -0.170566 -0.983973 -0.065041 -0.004663 -0.997872
0.018955 -0.396167 -0.917983 -0.131494 0.018747 -0.991140 0.127219 -0.644008 -0.754366
0.114479 -0.931626 -0.344917 0.081494 -0.994674 0.063109 -0.269623 -0.042618 -0.962023
-0.652965 -0.367764 -0.662108 -0.529792 -0.221109 -0.818799 0.001279 -0.968333 0.249658
-0.021115 -0.873459 0.486440 -0.270745 -0.870897 0.410166 -0.500388 -0.832243 0.238711
-0.751934 -0.490779 -0.440150 -0.677522 -0.508368 -0.531532 -0.626142 -0.748488 -0.218432
-0.547815 -0.834731 0.055892 0.020856 -0.940592 0.338898 -0.059074 -0.951797 0.300985
-0.006465 0.163904 -0.986455 -0.161050 0.204361 -0.965557 -0.007770 0.032817 -0.999431
0.057617 -0.172933 -0.983247 0.125164 -0.289102 -0.949081 -0.227464 0.116381 -0.966807
0.283447 -0.517077 -0.807644 0.401083 -0.759096 -0.512743 0.340170 -0.933904 -0.110037
0.356128 -0.918520 0.171736 -0.414833 -0.035095 -0.909220 -0.613345 -0.178808 -0.769309
0.028350 -0.847002 0.530833 0.059853 -0.873720 0.482733 -0.100818 -0.835253 0.540543
0.031227 -0.706525 0.706999 -0.387764 -0.771652 0.504175 -0.604101 -0.733597 0.311282
-0.710421 -0.460476 -0.532226 -0.660959 -0.713973 -0.231032 -0.632417 -0.774462 0.016032
-0.612013 -0.740973 0.276403 0.242268 -0.869364 0.430711 0.365041 -0.849266 0.381434
-0.024398 0.183783 -0.982664 -0.121338 0.212069 -0.969693 0.062155 0.209411 -0.975850
-0.353625 0.282687 -0.891649 -0.268587 0.376383 -0.886677 -0.360330 0.136535 -0.922779
-0.228062 0.313311 -0.921859 0.084424 0.109551 -0.990389 -0.081950 0.148134 -0.985566
0.185770 -0.132552 -0.973612 0.269152 -0.319794 -0.908454 -0.435225 0.018894 -0.900123
0.397223 -0.457772 -0.795399 0.560065 -0.810634 -0.170878 0.517160 -0.628476 -0.581002
0.527900 -0.836887 0.144713 -0.623762 -0.050413 -0.779987 -0.804600 -0.242502 -0.542045
0.113560 -0.702858 0.702207 0.219330 -0.804684 0.551705 -0.114991 -0.694193 0.710544
0.067476 -0.623654 0.778783 -0.068187 -0.543149 0.836863 -0.017926 -0.531503 0.846867
-0.401195 -0.586596 0.703525 -0.652591 -0.585781 0.480610 -0.770868 -0.530332 0.352861
-0.833173 -0.497644 -0.241190 -0.761320 -0.634704 0.132448 -0.754450 -0.568703 0.327693
0.367610 -0.827813 0.423779 0.481957 -0.823566 0.299094 0.050633 0.175249 -0.983221
-0.059413 0.196637 -0.978675 0.104313 0.198235 -0.974588 0.070925 0.276752 -0.958321
-0.432417 0.460984 -0.774926 -0.389314 0.251400 -0.886133 -0.576455 0.330580 -0.747273
-0.351968 0.425012 -0.833956 -0.346489 0.400910 -0.848066 -0.573477 0.092699 -0.813960
-0.426396 0.265912 -0.864568 0.129774 0.036493 -0.990872 0.372342 -0.389201 -0.842546
0.242939 -0.154749 -0.957619 0.592424 -0.750332 -0.293318 0.566576 -0.822651 0.047306
0.501874 -0.521747 -0.689857 0.478414 -0.446192 -0.756328 -0.873097 -0.145615 -0.465293
-0.753427 0.023741 -0.657103 -0.924087 -0.205686 -0.322112 -0.941501 -0.278007 -0.190493
0.362943 -0.560221 0.744597 0.263553 -0.688832 0.675315 0.095240 -0.610287 0.786434
-0.211418 -0.544913 0.811402 -0.234207 -0.460370 0.856275 0.076227 -0.507340 0.858368
-0.047698 -0.404259 0.913400 -0.520109 -0.483221 0.704262 -0.772612 -0.454029 0.443766
-0.802530 -0.457751 0.382636 -0.960469 -0.262303 0.093252 -0.885876 -0.378698 0.267976
-0.911898 -0.335434 0.236486 -0.885257 -0.461308 0.059288 -0.920571 -0.376956 0.102242
0.619688 -0.721505 0.308896 0.422651 -0.688970 0.588801 0.638425 -0.757741 0.135063
0.606284 -0.795213 -0.007487 0.218788 -0.064526 -0.973637 0.029874 0.162862 -0.986196
0.223548 0.176651 -0.958551 0.094079 0.206448 -0.973924 -0.105348 0.253883 -0.961481
0.197467 0.226772 -0.953720 0.111963 0.285964 -0.951677 0.346559 0.212100 -0.913734
0.128363 0.450952 -0.883270 0.279604 0.337969 -0.898665 -0.622941 0.477008 -0.620006
-0.575807 0.425706 -0.698012 -0.357148 0.283104 -0.890111 -0.582600 0.256663 -0.771169
-0.736036 0.348386 -0.580412 -0.795528 0.262699 -0.546008 -0.635682 0.255806 -0.728335
0.219502 -0.111703 -0.969196 0.390546 -0.286263 -0.874944 0.651935 -0.654642 -0.382655
0.338224 -0.257981 -0.905014 0.526975 -0.480416 -0.701069 -0.915031 0.014776 -0.403112
-0.982459 -0.097898 -0.158716 -0.987957 -0.144897 -0.054280 0.367344 -0.517288 0.772963
0.895814 -0.248854 0.368223 0.898006 -0.250401 0.361779 0.240845 -0.525161 0.816210
0.329922 -0.573914 0.749516 -0.268549 -0.551694 0.789630 0.107416 -0.388473 0.915178
0.107670 -0.262789 0.958827 -0.006357 -0.343061 0.939292 -0.614195 -0.493299 0.615971
-0.823059 -0.461489 0.331061 -0.900295 -0.367770 0.232840 -0.982923 -0.179337 0.041232
-0.998171 0.021048 -0.056669 -0.993422 -0.096838 -0.061117 0.592213 -0.607057 0.529873
0.710399 -0.591001 0.382166 0.776489 -0.617085 0.127556 0.816741 -0.508924 0.271901
0.504796 -0.476453 0.719843 0.750596 -0.650676 -0.115002 0.428608 -0.250735 -0.868002
0.521351 -0.359748 -0.773805 0.342798 -0.214111 -0.914684 0.266462 0.050572 -0.962518
0.229552 0.211598 -0.950017 -0.145735 0.273397 -0.950797 0.037581 0.257217 -0.965623
0.455840 0.193550 -0.868762 0.279011 0.390718 -0.877207 0.312404 0.251026 -0.916182
0.392927 0.188114 -0.900123 0.452904 0.161736 -0.876767 0.434001 0.169422 -0.884839
0.235334 0.382167 -0.893626 0.174462 0.445087 -0.878328 0.304747 0.459358 -0.834338
-0.739058 0.470707 -0.481900 -0.796905 0.464326 -0.386450 -0.728048 0.361963 -0.582176
-0.833316 0.203861 -0.513834 -0.575632 0.270527 -0.771663 -0.495932 0.306113 -0.812617
-0.303416 0.303063 -0.903378 -0.214660 0.296405 -0.930626 -0.770499 0.236099 -0.592105
-0.837197 0.372067 -0.400833 -0.849354 0.301686 -0.433108 -0.891278 0.202380 -0.405790
-0.932100 0.245568 -0.266243 0.722933 -0.518211 -0.456974 0.667509 -0.531294 -0.521688
-0.962456 0.064812 -0.263587 -0.969976 0.056523 -0.236543 0.608429 -0.408964 0.680119
0.601142 -0.399369 0.692194 0.844508 -0.250822 0.473175 0.454528 -0.405537 0.793060
-0.552074 -0.618613 0.559046 -0.428411 -0.668960 0.607418 -0.383858 -0.602724 0.699555
-0.208569 -0.489699 0.846578 0.229394 -0.285131 0.930634 0.251376 -0.192473 0.948559
0.167941 -0.190909 0.967135 -0.215390 -0.332219 0.918280 -0.148971 -0.142316 0.978547
0.053360 -0.142723 0.988323 -0.842490 -0.409653 0.349849 -0.924209 -0.334600 0.184067
-0.960255 -0.236781 0.147803 -0.978182 -0.186136 0.092273 -0.995409 0.029947 -0.090911
-0.963848 0.209456 -0.164700 -0.937796 0.241312 -0.249614 -0.978500 0.179425 -0.101705
-0.997430 0.068456 -0.021166 0.741496 -0.460382 0.488091 0.857032 -0.512068 0.057283
0.908253 -0.388855 0.154495 0.896714 -0.369210 0.244107 0.863586 -0.439442 -0.247204
0.577038 -0.402056 -0.710900 0.445416 -0.191658 -0.874570 0.524842 -0.070020 -0.848315
0.160964 0.235995 -0.958330 -0.064710 0.270938 -0.960419 0.612721 -0.037668 -0.789401
0.588368 0.315865 -0.744347 0.794485 0.080990 -0.601859 0.272462 0.319272 -0.907651
0.304454 0.215508 -0.927828 0.473006 0.255484 -0.843204 0.643567 0.181400 -0.743583
0.560016 0.171958 -0.810440 0.720074 0.135984 -0.680443 0.513365 0.140471 -0.846596
0.386861 0.376819 -0.841633 0.604747 0.331423 -0.724182 -0.859825 0.284308 -0.424110
-0.895827 0.383252 -0.224970 -0.896511 0.363031 -0.253922 -0.794652 0.435091 -0.423347
-0.683654 0.261924 -0.681185 -0.361590 0.312198 -0.878513 -0.355871 0.296959 -0.886099
-0.201632 0.293087 -0.934582 -0.875702 0.195524 -0.441493 -0.287878 0.669324 -0.684932
-0.965051 0.159993 -0.207555 -0.808374 0.406314 -0.425958 -0.986009 0.154154 0.063418
-0.943285 0.294553 -0.153138 0.672600 -0.303745 -0.674795 0.805923 -0.364513 -0.466496
0.536031 -0.353830 0.766470 0.501601 -0.377654 0.778315 0.650038 -0.432148 0.625059
0.761119 -0.424694 0.490237 0.428700 -0.331284 0.840516 -0.626392 -0.584548 0.515690
-0.535429 -0.531168 0.656640 -0.372742 -0.497953 0.783011 0.165458 -0.128993 0.977745
0.408201 -0.242403 0.880121 0.240664 -0.090151 0.966413 0.190969 -0.115874 0.974733
0.083721 -0.015447 0.996370 -0.475948 -0.417002 0.774327 -0.373231 -0.236534 0.897079
-0.240840 -0.138422 0.960643 -0.106777 -0.054038 0.992813 -0.224834 0.067052 0.972087
-0.319108 -0.003267 0.947713 -0.062474 0.086600 0.994282 -0.743758 -0.371513 0.555699
-0.981691 -0.134243 0.135134 -0.907986 -0.231321 0.349360 -0.997620 -0.011093 -0.068052
-0.996801 -0.069655 -0.039186 -0.997707 0.011121 -0.066769 -0.956108 0.214963 -0.199120
0.953342 -0.286710 -0.094526 0.968125 -0.249128 -0.025846 0.936496 -0.345513 0.059958
0.965039 -0.194130 -0.176104 0.811146 -0.441010 0.384126 0.895555 -0.199360 -0.397790
0.714118 -0.241429 -0.657075 0.059057 0.249982 -0.966448 -0.082169 0.275061 -0.957909
0.489355 0.168193 -0.855712 0.279501 0.236895 -0.930462 -0.039623 0.293928 -0.955006
-0.158889 0.313842 -0.936086 0.765791 -0.126982 -0.630428 0.770096 0.220732 -0.598522
0.891660 0.047545 -0.450203 0.949370 -0.093017 -0.300075 0.592965 0.282811 -0.753930
0.427410 0.329815 -0.841750 0.730638 0.242713 -0.638168 0.889833 0.186325 -0.416509
0.704738 0.117083 -0.699740 0.957028 0.105955 -0.269946 0.882765 0.067169 -0.464988
0.668107 0.277313 -0.690457 0.751646 0.230913 -0.617825 -0.903463 0.329987 -0.273612
-0.871785 0.342467 -0.350295 0.768242 0.428527 -0.475573 -0.420461 0.267104 -0.867103
-0.858889 0.187009 -0.476799 -0.824783 0.201187 -0.528447 -0.662658 0.238609 -0.709894
-0.161446 0.228395 -0.960089 -0.963913 0.140346 -0.226219 0.969361 0.158569 -0.187603
-0.985742 0.106967 0.129891 -0.846343 0.395466 -0.356806 -0.894137 0.333247 0.299107
-0.938264 0.338262 0.072382 -0.930653 0.139765 0.338158 -0.919574 0.374100 -0.120141
0.596479 -0.312976 0.739093 0.653555 -0.439007 0.616554 0.530311 -0.283055 0.799156
0.534330 -0.209803 0.818825 0.112168 -0.246388 0.962658 0.294669 -0.125455 0.947328
0.012980 -0.096053 0.995292 0.492758 -0.178293 0.851705 0.368007 -0.079593 0.926410
0.272518 0.022510 0.961887 -0.063076 0.105580 0.992408 -0.220404 0.275463 0.935704
-0.634758 -0.245137 0.732796 -0.602630 -0.067003 0.795203 -0.378601 -0.080502 0.922052
-0.439224 0.215706 0.872097 -0.596085 0.079229 0.799003 -0.874555 -0.151392 0.460689
-0.736650 -0.179474 0.652024 -0.998357 0.056099 -0.011644 -0.978513 -0.039447 0.202377
-0.968284 0.227648 -0.102968 0.968896 -0.221143 -0.111065 0.962781 -0.227764 0.145522
0.925445 -0.066296 -0.373036 0.748506 -0.400977 0.528162 0.109476 0.210047 -0.971543
0.431603 0.174136 -0.885096 0.800882 0.035664 -0.597759 0.827737 0.182371 -0.530653
0.967241 0.211676 -0.140132 0.851293 0.273334 -0.447870 0.992650 0.111757 -0.046444
0.988073 0.097124 0.119493 0.991106 0.035413 0.128278 0.986435 0.043181 -0.158373
0.986792 -0.010310 -0.161663 -0.918787 0.335363 -0.208235 -0.632242 0.190032 -0.751104
-0.410802 0.177910 -0.894198 -0.957000 0.136760 -0.255828 -0.803417 0.194381 -0.562793
-0.957908 0.132880 -0.254469 -0.913781 0.143489 -0.380019 -0.768863 0.180293 -0.613468
-0.037982 0.154032 -0.987336 -0.288001 0.115687 -0.950617 -0.994141 0.063883 0.087198
-0.935904 -0.033456 0.350662 -0.897379 0.014873 0.441009 -0.912962 0.398509 0.087696
-0.859020 0.503649 0.091766 -0.763926 0.521128 0.380582 -0.759328 0.358324 0.543162
-0.716800 0.135603 0.683966 0.887907 -0.243423 0.390340 0.659935 -0.174209 0.730846
0.592182 -0.191529 0.782711 0.676557 -0.112750 0.727708 0.761926 0.012669 0.647540
0.266176 -0.328154 0.906347 -0.170382 -0.269853 0.947707 0.059121 -0.329326 0.942364
0.347185 -0.071516 0.935066 0.385578 -0.254511 0.886879 -0.272168 0.137229 0.952414
-0.299162 -0.132225 0.944997 0.673898 -0.030551 0.738192 0.516090 -0.015687 0.856391
0.372401 0.052865 0.926565 -0.356231 0.391400 0.848472 -0.474182 0.359631 0.803627
-0.536035 0.531752 0.655672 -0.833853 0.051196 0.549608 -0.613828 0.497640 0.612837
-0.767166 0.324932 0.553060 -0.842224 0.214506 0.494617 -0.976040 0.098354 0.194094
-0.952458 0.270209 0.140752 0.993346 -0.114937 -0.007293 0.960254 -0.188744 -0.205642
0.986517 -0.119821 0.111482 0.909545 0.060514 -0.411177 0.206973 0.150233 -0.966743
0.491690 0.079493 -0.867134 0.977683 -0.133655 -0.162084 0.874423 -0.098281 -0.475106
0.729229 -0.024603 -0.683828 0.845477 0.196488 -0.496549 0.949525 0.310026 -0.047820
0.965401 0.240899 0.099846 0.975834 0.120190 0.182490 0.962863 0.220128 -0.156327
0.907332 0.046503 0.417835 0.911981 0.148041 0.382588 0.894382 0.017791 0.446950
0.979063 -0.004638 0.203503 0.975763 -0.102288 0.193451 -0.800260 0.113299 -0.588852
-0.806880 -0.024303 -0.590215 -0.650171 0.115201 -0.751003 -0.567225 0.151292 -0.809547
-0.504829 0.063890 -0.860852 -0.997433 0.060811 0.037806 -0.903694 0.102820 -0.415652
-0.995288 0.048426 -0.084002 -0.137312 0.051990 -0.989163 0.173890 0.093306 -0.980335
-0.356897 -0.063312 -0.931996 -0.959702 -0.116843 0.255577 -0.833786 -0.193316 0.517136
-0.733425 -0.132136 0.666804 -0.750656 0.583392 0.310111 -0.791997 0.492044 0.361431
-0.473714 0.188862 0.860189 -0.535745 -0.014269 0.844259 0.932391 -0.228187 0.280317
0.990020 -0.033709 0.136835 0.933805 -0.045032 0.354937 0.835750 0.113331 0.537287
0.945210 0.165385 0.281470 0.910119 0.216144 0.353503 0.343406 -0.334590 0.877566
0.061212 -0.402142 0.913529 -0.350477 -0.386312 0.853188 -0.500460 -0.253437 0.827835
0.464222 -0.179227 0.867396 0.838007 0.151965 0.524071 0.620919 0.107309 0.776495
0.557873 0.073361 0.826678 0.992718 -0.119811 -0.012475 0.962840 0.092315 -0.253804
0.856186 0.172462 -0.487035 0.362852 0.006586 -0.931824 0.575748 0.029418 -0.817098
0.957734 -0.207135 0.199601 0.966430 -0.255070 0.030869 0.960058 -0.165510 -0.225598
0.890011 -0.147997 -0.431251 0.686796 -0.133994 -0.714393 0.948185 0.173276 -0.266307
0.928484 0.237870 0.285194 0.751822 0.071419 0.655487 0.833322 -0.038777 0.551426
0.743658 0.146313 0.652354 0.864035 -0.221281 0.452192 -0.956363 -0.032503 -0.290369
-0.641633 -0.047541 -0.765537 -0.914986 -0.189292 -0.356326 -0.940546 -0.097777 -0.325290
-0.765813 -0.193566 -0.613240 -0.844149 -0.220052 -0.488866 -0.586945 0.059484 -0.807438
-0.509635 -0.082577 -0.856419 -0.456131 -0.117433 -0.882131 -0.995338 -0.034245 0.090161
-0.996859 -0.038936 -0.068963 -0.113047 -0.068524 -0.991224 0.105889 0.001134 -0.994377
-0.398500 -0.194294 -0.896353 -0.334014 -0.207705 -0.919399 -0.228560 -0.152873 -0.961452
-0.284265 -0.109027 -0.952526 -0.752643 -0.336132 0.566166 -0.812033 -0.299659 0.500806
-0.994832 -0.079343 0.063353 -0.944933 -0.129075 0.300735 -0.658144 -0.322898 0.680135
0.482974 -0.376223 0.790691 -0.135142 -0.404348 0.904566 -0.050422 -0.424885 0.903842
0.188549 -0.429422 0.883202 0.302839 -0.465685 0.831520 -0.202211 -0.396178 0.895631
-0.468880 -0.406589 0.784115 0.694821 -0.234928 0.679730 0.669990 -0.067237 0.739319
0.505051 -0.013011 -0.862992 0.369929 -0.081987 -0.925435 0.473822 -0.104075 -0.874449
0.217846 -0.086649 -0.972129 0.889602 -0.275164 0.364546 0.926114 -0.364274 -0.098071
0.868839 -0.254586 -0.424624 0.832861 -0.379796 0.402614 0.526522 -0.590302 -0.611815
0.555601 -0.416479 -0.719619 0.696317 -0.328311 0.638243 -0.987361 -0.158298 -0.007774
-0.578977 -0.185476 -0.793967 -0.626446 -0.265877 -0.732717 -0.546362 -0.126462 -0.827947
-0.950574 -0.307340 -0.044168 -0.895775 -0.331713 -0.295895 -0.841607 -0.380957 -0.382844
-0.685716 -0.422515 -0.592684 -0.446639 -0.167643 -0.878868 0.113719 -0.166879 -0.979398
-0.132589 -0.152969 -0.979296 -0.223253 -0.188169 -0.956426 -0.376402 -0.197699 -0.905117
-0.453482 -0.136858 -0.880695 -0.455024 -0.182777 -0.871519 -0.218247 -0.127661 -0.967508
-0.210662 -0.126126 -0.969388 -0.301756 -0.130944 -0.944350 -0.211072 -0.189987 -0.958829
-0.129753 -0.116020 -0.984735 -0.186098 0.073080 -0.979810 -0.206358 0.115061 -0.971688
-0.633179 -0.391315 0.667801 -0.520853 -0.396334 0.756064 -0.738901 -0.277127 0.614187
-0.937431 -0.150738 0.313851 -0.971607 -0.127805 0.199112 0.708172 -0.405348 0.578088
0.536649 -0.441717 0.718953 -0.298370 -0.401669 0.865816 -0.231274 -0.399431 0.887112
0.067270 -0.479366 0.875033 0.168374 -0.462483 0.870494 -0.093056 -0.342454 0.934915
-0.270574 -0.371797 0.888007 0.336371 -0.492409 0.802737 0.399027 -0.100659 -0.911397
0.476360 -0.269950 -0.836785 0.203013 -0.236612 -0.950158 0.811849 -0.367486 -0.453714
0.866653 -0.496796 0.045895 0.892474 -0.420227 -0.164007 0.700168 -0.352727 0.620764
0.780790 -0.460795 0.421942 0.307104 -0.764621 -0.566606 0.382487 -0.681774 -0.623608
-0.933574 -0.225998 0.278143 -0.971812 -0.133058 0.194619 -0.491850 -0.250900 -0.833746
-0.551948 -0.194936 -0.810773 -0.701691 -0.365297 -0.611709 -0.548783 -0.183331 -0.815615
-0.606867 -0.270832 -0.747236 -0.687550 -0.315302 -0.654109 -0.893629 -0.421757 -0.153452
-0.890365 -0.451846 -0.055549 -0.924250 -0.357707 0.133443 -0.844063 -0.487406 -0.223591
-0.733476 -0.517669 -0.440490 -0.752463 -0.509129 -0.417835 -0.691265 -0.600349 -0.402162
0.257750 0.040175 -0.965376 -0.567634 0.057055 -0.821302 -0.549975 -0.067435 -0.832454
0.056163 -0.209374 -0.976221 0.203725 -0.229325 -0.951791 0.754559 -0.120361 -0.645100
-0.463379 -0.022377 -0.885877 -0.392600 -0.072241 -0.916868 -0.339172 -0.059751 -0.938825
-0.575673 0.113099 -0.809821 -0.556943 0.069627 -0.827627 -0.190832 0.069564 -0.979155
-0.241090 0.102779 -0.965045 -0.353274 -0.047337 -0.934322 -0.330473 0.096267 -0.938893
-0.189084 0.170666 -0.967016 0.004474 -0.070743 -0.997485 0.100936 -0.123944 -0.987142
0.067235 -0.249154 -0.966127 -0.002867 0.136864 -0.990586 -0.131700 0.171181 -0.976398
-0.093451 0.323448 -0.941620 -0.125428 0.304102 -0.944346 -0.106162 0.356065 -0.928411
-0.787188 -0.251281 0.563199 -0.566113 -0.316787 0.761027 -0.844549 -0.222428 0.487096
-0.906385 -0.180970 0.381729 0.584028 -0.483226 0.652230 0.110085 -0.453464 0.884450
-0.151270 -0.367224 0.917749 -0.067926 -0.293754 0.953465 -0.196967 -0.221653 0.955026
0.055216 -0.309454 0.949310 -0.525215 -0.302685 0.795318 -0.483417 -0.331581 0.810162
-0.299268 -0.381372 0.874639 0.260394 -0.463894 0.846757 0.441254 -0.521223 0.730494
0.416668 -0.564061 -0.712898 0.323218 -0.453620 -0.830518 0.614174 -0.524361 -0.589777
0.212766 -0.287766 -0.933767 0.355373 -0.323546 -0.876942 0.217354 -0.298274 -0.929403
0.219161 -0.320936 -0.921395 0.274123 -0.162630 -0.947844 0.290455 -0.084849 -0.953119
0.201702 -0.183564 -0.962092 0.792818 -0.503320 -0.343670 0.809761 -0.510686 0.288943
0.744898 -0.617718 -0.252096 0.770035 -0.562578 0.300917 0.740771 -0.664545 0.098172
0.651244 -0.557987 0.514327 -0.721612 -0.278651 0.633743 -0.807338 -0.374704 0.455853
-0.632166 -0.087453 -0.769882 -0.636699 -0.092470 -0.765548 -0.425891 -0.195959 -0.883299
-0.586007 -0.026275 -0.809880 -0.592850 -0.017265 -0.805128 -0.892043 -0.313882 -0.325173
-0.785655 -0.258164 -0.562226 -0.672311 -0.089819 -0.734800 -0.716904 0.051130 -0.695294
-0.751217 -0.269420 -0.602566 -0.886140 -0.177819 -0.427944 -0.821951 -0.551983 -0.140395
-0.824040 -0.558745 0.093606 -0.858418 -0.473734 0.196710 -0.829399 -0.550921 0.092643
-0.803508 -0.593910 0.040577 -0.771060 -0.578722 -0.265608 -0.753986 -0.629639 -0.187242
-0.851750 -0.523255 0.026966 -0.739024 -0.671978 0.047847 -0.744365 -0.666572 0.040043
-0.635625 0.277651 -0.720341 -0.565705 0.289839 -0.771992 0.751596 0.069892 -0.655910
-0.755239 0.155396 -0.636762 -0.752027 0.089972 -0.652963 -0.454303 0.172390 -0.874008
-0.562237 0.248850 -0.788647 -0.416560 0.159355 -0.895033 -0.615501 0.163700 -0.770948
-0.640890 0.322639 -0.696538 -0.683118 0.404438 -0.608094 -0.197737 0.335605 -0.921015
-0.319470 0.330843 -0.887965 -0.106261 0.401086 -0.909856 0.087217 0.115528 -0.989468
0.321693 0.036707 -0.946132 0.209189 0.131347 -0.969014 -0.045030 0.360551 -0.931652
0.088065 0.407791 -0.908819 0.015744 0.514295 -0.857469 -0.031627 0.501875 -0.864362
-0.125455 0.519996 -0.844905 0.018576 0.542048 -0.840142 -0.704187 -0.262676 0.659638
-0.349651 -0.437472 0.828470 -0.127646 -0.412721 0.901869 -0.004827 -0.291688 0.956501
0.018838 -0.378065 0.925588 -0.029228 -0.360928 0.932136 0.067641 -0.285852 0.955883
-0.016604 -0.230964 0.972821 -0.275489 -0.192862 0.941759 -0.192986 -0.266976 0.944182
0.279927 -0.385275 0.879320 0.130927 -0.276371 0.952091 -0.571049 -0.384342 0.725386
0.354081 -0.496103 0.792785 0.482747 -0.560318 0.673052 0.457830 -0.503382 -0.732802
0.567180 -0.639971 -0.518405 0.371175 -0.726494 -0.578304 0.348878 -0.555374 -0.754880
0.263335 -0.419901 -0.868526 0.276615 -0.384375 -0.880761 0.393590 -0.422180 -0.816609
0.271525 -0.177355 -0.945949 0.304646 -0.199413 -0.931357 0.426599 -0.087545 -0.900194
0.221342 -0.324247 -0.919713 0.363376 -0.022181 -0.931378 0.439701 -0.016064 -0.898000
0.459402 0.156176 -0.874390 0.644100 -0.600438 -0.473929 0.566058 -0.822164 -0.060208
0.540797 -0.721801 -0.431904 0.651919 -0.624128 0.430658 0.504658 -0.786298 0.356448
-0.672434 -0.476770 0.566148 -0.745856 0.195258 -0.636846 -0.742996 0.167495 -0.647999
-0.630691 -0.038270 -0.775090 -0.731843 0.387616 -0.560500 -0.691172 0.278380 -0.666923
-0.963441 -0.176690 -0.201401 -0.962995 -0.263645 0.055972 -0.798969 0.234659 -0.553700
-0.858885 -0.020403 -0.511762 -0.803231 0.381584 -0.457398 -0.885821 -0.172916 -0.430606
-0.963392 0.094337 -0.250952 -0.954041 -0.055100 -0.294565 -0.935908 0.005222 -0.352205
-0.976690 -0.060436 -0.205970 -0.689447 -0.722632 0.049656 -0.725771 -0.542862 0.422561
-0.681069 -0.695486 0.229009 -0.719267 -0.523336 0.456918 -0.673594 -0.622819 0.397954
-0.655367 -0.656270 0.373903 -0.863319 -0.357939 0.355752 -0.710197 -0.586980 0.388683
-0.600420 -0.709239 0.369426 -0.605520 -0.730268 0.316312 -0.699014 0.343131 -0.627408
-0.692455 0.477917 -0.540464 -0.800531 0.248131 -0.545510 -0.461074 0.431530 -0.775366
-0.574229 0.550573 -0.605913 -0.620086 0.640378 -0.453222 -0.670982 0.690539 -0.270074
-0.343085 0.486328 -0.803603 -0.232163 0.545378 -0.805396 0.016027 0.517598 -0.855474
0.008620 0.573408 -0.819225 0.150228 0.349943 -0.924647 0.377147 0.183006 -0.907893
0.283721 0.365512 -0.886512 0.268842 0.572768 -0.774378 0.178452 0.633154 -0.753174
0.130215 0.699780 -0.702391 0.165689 0.708350 -0.686139 -0.013337 0.729177 -0.684195
-0.187212 0.777472 -0.600407 0.145273 0.720060 -0.678535 -0.499965 -0.505089 0.703506
-0.219695 -0.462430 0.859007 0.033097 -0.401241 0.915374 0.025995 -0.435555 0.899787
0.089582 -0.245947 0.965135 -0.005732 -0.272876 0.962032 -0.079721 -0.228832 0.970196
0.043846 -0.268139 0.962382 0.346107 -0.429987 0.833859 0.410878 -0.480077 0.775052
0.227991 -0.350462 0.908403 0.089518 -0.249361 0.964264 0.503881 -0.551562 0.664743
0.576180 -0.577331 -0.578537 0.680470 -0.403627 -0.611592 0.621671 -0.353022 -0.699214
0.770689 -0.341402 -0.538037 0.381847 -0.892508 -0.240048 0.302622 -0.889630 -0.342020
0.322545 -0.683401 -0.654926 0.427449 -0.764669 -0.482254 0.517821 -0.231194 -0.823657
0.448230 -0.186953 -0.874150 0.454013 -0.243967 -0.856944 0.482264 -0.098713 -0.870446
0.589027 0.033623 -0.807413 0.709125 0.079454 -0.700592 0.601871 0.058840 -0.796423
0.568427 0.211243 -0.795152 0.474168 0.375764 -0.796220 0.515648 0.349103 -0.782454
0.606678 0.325247 -0.725366 0.381552 -0.918860 0.100571 0.525974 -0.827370 -0.197001
0.520962 -0.521882 0.675453 0.471335 -0.656109 0.589376 0.414704 -0.906496 0.079279
0.377715 -0.855195 0.354926 0.479255 -0.700292 0.529061 -0.790936 0.466803 -0.395622
-0.762091 0.543551 -0.351808 -0.740240 0.416215 -0.528025 -0.992983 -0.092123 0.074147
-0.932419 -0.135757 0.334910 -0.803297 0.499181 -0.324859 -0.861425 0.330343 -0.385772
-0.820606 0.491779 -0.291135 -0.911432 -0.002755 -0.411441 -0.893428 0.285451 -0.346848
-0.789727 0.568747 -0.229908 -0.972375 0.149256 -0.179472 -0.955311 0.268787 -0.123022
-0.915052 0.397182 -0.070185 -0.927771 0.291140 -0.233407 -0.990937 0.132675 -0.020994
-0.536024 -0.540258 0.648690 -0.503921 -0.520018 0.689670 -0.554089 -0.515529 0.653617
-0.753254 -0.475959 0.453951 -0.517957 -0.537649 0.665323 -0.680486 -0.580219 0.447531
-0.491655 -0.761558 0.422261 -0.642315 -0.484770 0.593658 -0.859082 -0.132523 0.494384
-0.795071 -0.215939 0.566774 -0.528916 -0.678989 0.509138 -0.594797 -0.666664 0.449194
-0.715881 0.595692 -0.364233 -0.477447 0.689419 -0.544744 -0.533387 0.766045 -0.358710
-0.476151 0.877678 -0.054424 -0.519271 0.844757 -0.129396 -0.653100 0.708247 -0.268043
-0.597600 0.801674 0.013875 -0.407125 0.835061 0.370030 -0.600790 0.799383 0.006206
-0.380811 0.572281 -0.726276 -0.342801 0.782115 -0.520369 0.064686 0.600129 -0.797283
0.112408 0.730217 -0.673904 0.407820 0.387528 -0.826743 0.367402 0.541980 -0.755826
0.401068 0.747193 -0.529950 0.462726 0.653431 -0.599094 0.148255 0.732523 -0.664403
0.302019 0.846186 -0.439036 0.278400 0.770360 -0.573619 0.183827 0.777992 -0.600779
0.311606 0.875254 -0.369909 0.020365 0.957079 -0.289110 -0.129359 0.877298 -0.462184
-0.203728 0.951653 -0.229894 0.259558 0.896603 -0.358792 -0.296727 -0.477796 0.826840
0.185080 -0.294237 0.937640 -0.317083 -0.497663 0.807335 -0.101178 -0.547934 0.830380
0.049484 -0.493290 0.868456 0.235727 -0.049029 0.970582 -0.002340 -0.148877 0.988853
0.185875 -0.042794 0.981641 0.117595 -0.271114 0.955337 0.081362 -0.166266 0.982719
0.087414 -0.189804 0.977923 0.217333 -0.273611 0.936965 0.338328 -0.475531 0.812037
0.106889 -0.421030 0.900726 0.068044 -0.143227 0.987348 0.030979 -0.314539 0.948739
0.473468 -0.453478 0.755107 0.456856 -0.408927 0.789976 0.420616 -0.419253 0.804555
0.672095 -0.740275 0.016783 0.861910 -0.375563 -0.340681 0.903073 -0.249556 -0.349544
0.799497 -0.069074 -0.596686 0.899087 -0.231751 -0.371395 0.859653 -0.092984 -0.502345
0.309400 -0.948179 0.072307 0.417349 -0.904906 0.083457 0.607635 -0.061037 -0.791867
0.673797 0.058656 -0.736585 0.684526 -0.025861 -0.728529 0.722967 0.087877 -0.685271
0.795726 0.190292 -0.574986 0.756271 0.214470 -0.618107 0.858755 0.287351 -0.424227
0.662894 0.239833 -0.709262 0.696936 0.467619 -0.543703 0.733391 0.458531 -0.501883
0.509802 0.490817 -0.706541 0.490167 0.663173 -0.565631 0.454183 0.618649 -0.641085
0.610561 0.507263 -0.608193 0.579206 -0.507087 0.638266 0.528720 -0.259820 0.808053
0.567016 -0.393751 0.723500 0.495835 -0.749136 0.439253 0.440810 -0.840603 0.314758
0.588321 -0.554598 0.588472 -0.744093 0.585667 -0.321435 -0.705633 0.684920 -0.181570
-0.605370 0.791105 -0.087639 -0.957072 0.162484 0.240025 -0.880894 0.099186 0.462803
-0.820772 0.545274 -0.170321 -0.767779 0.640702 -0.004052 -0.807725 0.584692 -0.075604
-0.854650 0.490745 -0.169535 -0.682292 0.730554 -0.027713 -0.928682 0.363571 0.073252
-0.815734 0.547546 0.186469 -0.817215 0.573386 0.058201 -0.594110 -0.579469 0.557897
-0.511648 -0.536003 0.671503 -0.313699 -0.537067 0.783040 -0.357233 -0.539574 0.762394
-0.489621 -0.425312 0.761171 -0.447932 -0.504251 0.738301 -0.672841 -0.206490 0.710385
-0.594206 -0.379260 0.709282 -0.770003 0.058601 0.635344 -0.661064 0.740417 -0.121562
-0.480002 0.830978 -0.281201 -0.379375 0.903513 -0.199347 -0.293950 0.947612 -0.125002
-0.405688 0.913301 0.036050 -0.290016 0.872017 0.394306 -0.244901 0.815634 0.524179
-0.585439 0.809164 0.050141 -0.347690 0.886121 0.306433 -0.390741 0.873428 0.290595
-0.227708 0.865107 0.446921 -0.322890 0.773779 0.544985 -0.138426 0.653640 0.744038
-0.061543 0.800699 0.595897 0.241770 0.894705 -0.375568 0.473422 0.874784 -0.103073
0.557721 0.780814 -0.281560 0.586823 0.705819 -0.396811 0.379150 0.925197 0.015990
0.394142 0.836683 -0.380282 0.420248 0.808443 -0.412082 0.315738 0.856878 -0.407517
0.488526 0.871757 0.037178 0.379475 0.921258 0.085340 -0.182646 0.982941 0.021608
-0.030353 0.921667 0.386792 0.355094 0.886625 0.296320 0.346411 0.935218 0.073253
0.050999 -0.294411 0.954317 0.130558 -0.058786 0.989696 -0.130068 -0.512766 0.848618
-0.044494 -0.496041 0.867159 0.090632 0.143893 0.985434 0.026130 -0.059649 0.997877
-0.031362 0.010664 0.999451 0.038762 0.126297 0.991235 0.140889 -0.003606 0.990019
0.145930 -0.066673 0.987046 0.210793 -0.066242 0.975284 0.228746 -0.069628 0.970993
0.299424 -0.461309 0.835188 0.286701 -0.395740 0.872463 0.080821 -0.346695 0.934489
0.217802 0.006255 0.975973 0.123302 -0.174194 0.976961 0.450514 -0.291748 0.843754
0.429976 -0.251674 0.867053 0.394100 -0.240035 0.887169 0.489367 -0.234883 0.839851
0.699337 -0.595405 0.395502 0.893686 -0.447517 0.032471 0.958870 -0.220428 -0.178829
0.973751 -0.226939 0.017543 0.987071 -0.114283 -0.112387 0.775027 0.165326 -0.609918
0.918416 0.187527 -0.348347 0.944200 0.062108 -0.323465 0.956030 -0.060163 -0.287033
0.830638 0.191512 -0.522843 0.809935 0.238267 -0.535943 0.850961 0.190890 -0.489312
0.891554 0.410639 -0.191070 0.875378 0.367902 -0.313628 0.788058 0.399571 -0.468303
0.815471 0.569044 -0.105807 0.730738 0.653311 0.198006 0.697168 0.715969 0.036683
0.703044 0.705026 -0.093103 0.578281 0.725801 -0.372563 0.500712 0.785226 -0.364290
0.507477 0.860395 -0.046779 0.688322 -0.347118 0.636963 0.675269 -0.292197 0.677224
0.614688 -0.295027 0.731517 0.554726 -0.062355 0.829693 0.483358 -0.132978 0.865264
0.662155 -0.492509 0.564788 -0.663693 0.747534 -0.026562 -0.349629 0.908168 0.230197
-0.343813 0.926180 0.154864 -0.143846 0.957113 0.251483 -0.795158 0.354241 0.492176
-0.691418 0.699068 0.182335 -0.678259 0.681699 0.274319 -0.598531 0.794248 0.104551
-0.506560 0.806882 0.303871 -0.245987 0.946817 0.207433 -0.719907 0.565141 0.402926
-0.647240 0.642057 0.410906 -0.225769 -0.426182 0.876012 -0.291089 -0.293426 0.910587
-0.525662 -0.216788 0.822607 -0.443685 -0.260573 0.857464 -0.613355 0.050280 0.788205
-0.486621 0.863923 0.129760 -0.253382 0.959325 0.124475 -0.164893 0.954672 0.247813
-0.170976 0.944255 0.281336 -0.106846 0.849066 0.517368 -0.117333 0.757486 0.642221
-0.066735 0.695177 0.715735 0.074549 0.611653 0.787606 -0.132598 0.857514 0.497079
-0.028529 0.785104 0.618706 -0.016762 0.589029 0.807938 0.050475 0.672332 0.738527
0.476288 0.789068 0.387972 0.562474 0.748620 0.350986 0.619851 0.779832 0.087448
0.571676 0.780740 -0.252253 0.392467 0.763656 0.512639 0.532727 0.843813 0.064669
0.473510 0.691012 0.546160 0.409978 0.715764 0.565331 0.383084 0.784433 0.487761
0.233780 0.645479 0.727120 -0.045609 0.810689 0.583697 -0.082880 -0.317283 0.944702
-0.052128 -0.022113 0.998395 -0.075409 0.140210 0.987246 -0.107337 0.222429 0.969022
-0.071027 0.318221 0.945352 -0.037726 0.068471 0.996940 -0.110961 0.099502 0.988831
-0.201988 0.389034 0.898807 -0.225420 0.485248 0.844819 -0.064352 0.310410 0.948422
0.022664 0.283932 0.958576 0.105982 0.084044 0.990810 -0.268308 0.354634 0.895682
-0.227902 0.194493 0.954061 0.225297 0.133863 0.965050 0.206498 0.131264 0.969602
0.290042 -0.044644 0.955972 0.311710 0.146129 0.938873 0.400397 0.031469 0.915801
0.475390 0.052103 0.878231 0.263795 -0.134080 0.955215 0.355487 0.005862 0.934663
0.495022 -0.003600 0.868873 0.708625 -0.449252 0.544080 0.847451 -0.403227 0.345304
0.924028 -0.215395 0.315876 0.981450 -0.047596 0.185717 0.994483 0.099876 0.032079
0.955312 0.291158 -0.051057 0.867811 0.309321 -0.388877 0.890945 0.395267 -0.223564
0.912317 0.272442 -0.305701 0.905557 0.302910 -0.297005 0.878682 0.463605 0.113971
0.716094 0.669919 0.196007 0.860856 0.507474 -0.037397 0.524315 0.778606 0.344770
0.367923 0.706508 0.604548 0.419704 0.575590 0.701815 0.551687 0.648427 0.524581
0.537744 0.789264 0.296470 0.449895 0.719901 0.528524 0.427057 0.742341 0.516288
0.776770 -0.279447 0.564392 0.761097 -0.086349 0.642865 0.657012 -0.078688 0.749762
0.552001 0.182877 0.813542 0.524606 0.140349 0.839697 0.795343 -0.313121 0.519023
0.000943 0.847150 0.531353 0.054101 0.923956 0.378654 0.014262 0.947841 0.318425
-0.551578 0.217592 0.805243 -0.631145 0.415732 0.654845 -0.507122 0.751763 0.421521
-0.376224 0.779421 0.500957 -0.114881 0.934439 0.337084 -0.088334 0.901610 0.423435
0.104274 0.923409 0.369380 -0.461842 0.611523 0.642450 -0.413036 0.612324 0.674136
-0.312877 0.613429 0.725129 -0.275759 -0.026012 0.960875 -0.467137 -0.013706 0.884078
0.038069 0.782521 0.621459 0.132735 0.666143 0.733917 0.270144 0.553994 0.787473
0.197561 0.550009 0.811455 0.113159 0.848384 0.517146 0.117344 0.810134 0.574380
0.093846 0.688600 0.719044 0.137565 0.794747 0.591146 0.426247 0.576828 0.696838
0.466384 0.639406 0.611266 0.375105 0.559720 0.738925 -0.246397 0.206977 0.946810
-0.227964 0.426764 0.875160 -0.009513 0.379881 0.924987 -0.140219 0.303666 0.942404
-0.243619 0.475248 0.845452 -0.265637 0.366523 0.891683 -0.052006 0.522002 0.851357
-0.194854 0.610878 0.767372 -0.238738 0.240710 0.940778 -0.284264 0.602990 0.745384
-0.257213 0.834458 0.487362 -0.275405 0.654389 0.704221 -0.317447 0.871136 0.374633
-0.155319 0.666336 0.729295 -0.041873 0.689292 0.723273 0.083377 0.379936 0.921248
-0.010135 0.736641 0.676208 0.204477 0.398425 0.894118 -0.299932 0.563904 0.769450
-0.342984 0.543494 0.766143 -0.313658 0.425606 0.848810 0.260952 0.410506 0.873721
0.242732 0.473696 0.846577 0.299423 0.469846 0.830416 0.421278 0.140824 0.895932
0.421808 0.528557 0.736685 0.534865 0.487987 0.689774 0.491910 0.090183 0.865963
0.553713 0.271502 0.787203 0.722442 0.247965 0.645439 0.694385 0.240039 0.678388
0.527894 0.147135 0.836468 0.926956 0.045074 0.372452 0.970739 0.023101 0.239022
0.707138 0.153738 0.690160 0.568537 0.194630 0.799303 0.872416 -0.098332 0.478770
0.897313 0.109566 0.427580 0.899986 0.247773 0.358656 0.914924 0.354068 0.193776
0.887734 0.458936 0.036156 0.893601 0.422242 -0.152280 0.858683 0.512507 0.000008
0.917266 0.347956 -0.193777 0.838364 0.512322 0.186203 0.931521 0.306436 0.195871
0.532910 0.721094 0.442754 0.326780 0.773195 0.543493 0.816903 0.576166 0.026488
0.194398 0.799993 0.567645 0.355332 0.624275 0.695715 0.384433 0.598005 0.703279
0.388375 0.581089 0.715193 0.761976 0.162286 0.626941 0.678622 0.130520 0.722798
0.638123 0.283311 0.715915 0.575179 0.373388 0.727839 0.547569 0.461490 0.697994
-0.403440 0.373928 0.835113 -0.076155 0.892072 0.445431 0.138391 0.913136 0.383445
0.118303 0.951772 0.283079 0.327620 0.675088 0.661000 0.040082 0.882488 0.468623
0.092895 0.875441 0.474314 0.167477 0.835326 0.523624 0.067636 0.967724 0.242767
-0.208290 0.780466 0.589481 -0.282279 0.726962 0.625975 -0.148936 0.951473 0.269290
-0.178799 0.976711 0.118602 -0.308519 0.947573 0.083195 -0.328841 0.943949 0.028706
-0.208172 0.951667 0.225822 -0.121383 0.983405 0.134838 0.060781 0.773880 0.630409
-0.090790 0.992842 0.077595 0.181573 0.830789 0.526138 0.338057 0.785397 0.518525
0.300441 0.754417 0.583601 0.304850 0.834900 0.458267 0.366325 0.857813 0.360503
0.465133 0.837339 0.287252 0.540144 0.820916 0.185314 0.664763 0.463657 0.585758
0.733915 0.638710 0.231125 0.890024 0.387526 0.240170 0.953442 0.190882 0.233480
0.886354 0.181913 0.425775 0.714728 0.496326 0.492773 0.675906 0.271082 0.685322
0.731702 0.373767 0.570009 0.816658 0.448440 0.363278 0.833812 0.520104 0.185067
0.752157 0.644909 0.135472 0.716510 0.670341 0.193018 0.882701 0.421068 0.208663
0.359145 0.858066 0.367067 0.469251 0.824850 0.315320 0.409403 0.754429 0.513055
0.219387 0.766576 0.603514 0.212505 0.870634 0.443665 0.240019 0.927574 0.286353
0.383562 0.754815 0.532103 0.400102 0.754603 0.520088 0.720320 0.450275 0.527628
0.701663 0.583360 0.409096 0.490853 0.502551 0.711693 0.583850 0.596907 0.550292
0.493078 0.462683 0.736749 0.599288 0.529220 0.600650 -0.055280 0.962948 0.263960
0.064979 0.990622 0.120192 -0.074666 0.996234 0.044070 0.374378 0.903466 0.208781
0.359009 0.879189 0.313273 0.300837 0.834495 0.461644 -0.010500 0.980729 0.195091
0.070410 0.974673 0.212262 -0.106013 0.980833 -0.163488 -0.096561 0.946686 0.307346
-0.166717 0.977003 -0.132933 -0.136290 0.964401 -0.226618 0.013721 0.984466 0.175040
-0.147246 0.961648 -0.231411 0.260753 0.911065 0.319326 0.237639 0.967697 -0.084198
0.290127 0.956724 0.022473 0.281118 0.955387 -0.090601 0.329828 0.936534 -0.118819
0.391929 0.903643 -0.172687 0.461751 0.867813 -0.183538 0.603873 0.795574 -0.048995
0.946170 0.321505 0.037387 0.593482 0.795649 0.121331 0.709862 0.703640 -0.031412
0.708763 0.541259 0.452431 0.724790 0.594253 0.348631 0.691795 0.666723 0.277309
0.443257 0.842773 0.305380 0.243129 0.914952 0.322103 0.267056 0.907998 0.322831
0.328473 0.862138 0.385776 0.340758 0.936750 0.079898 0.316323 0.934809 0.161471
0.223696 0.915271 0.335020 0.426545 0.900721 -0.082224 0.422347 0.830214 0.363823
0.358040 0.841780 0.403997 0.363791 0.914997 0.174461 0.662033 0.720857 0.205127
0.571002 0.811551 0.123858 0.594208 0.709375 0.379082 0.582505 0.660810 0.473306
0.412831 0.724097 0.552499 0.465726 0.578470 0.669680 0.522363 0.759164 0.388339
0.234537 0.972101 -0.003474 0.277420 0.929382 0.243489 -0.006677 0.985890 -0.167259
0.246550 0.937411 -0.245915 -0.032513 0.952901 -0.301535 0.158442 0.986851 0.031968
0.194931 0.933161 -0.302012 0.156252 0.936331 -0.314435 0.475803 0.878510 -0.042797
0.491685 0.813418 0.310801
        </DataArray>
      </PointData>
      <Points>
        <DataArray type="Float32" NumberOfComponents="3" format="ascii">
-0.001765 -0.018438 -0.002719 -0.001744 -0.018476 -0.002569 -0.001550 -0.018499 -0.002825
-0.001774 -0.018429 -0.002776 -0.001824 -0.018422 -0.002549 -0.001961 -0.018346 -0.002518
-0.001293 -0.018597 -0.002665 -0.001721 -0.018444 -0.002458 -0.001338 -0.018374 -0.003073
-0.001567 -0.018348 -0.003027 -0.001090 -0.018547 -0.002917 -0.001318 -0.018535 -0.002854
-0.001795 -0.018306 -0.002980 -0.002020 -0.018238 -0.002932 -0.001996 -0.018336 -0.002727
-0.001699 -0.018414 -0.002356 -0.001650 -0.018316 -0.002141 -0.002211 -0.018197 -0.002675
-0.002171 -0.018167 -0.002464 -0.001061 -0.018610 -0.002710 -0.001045 -0.018590 -0.002631
-0.001353 -0.018522 -0.002431 -0.001556 -0.018029 -0.003177 -0.001325 -0.018078 -0.003202
-0.001102 -0.018357 -0.003117 -0.001786 -0.017979 -0.003148 -0.001069 -0.018587 -0.002772
-0.000855 -0.018534 -0.002961 -0.000827 -0.018605 -0.002755 -0.000976 -0.018607 -0.002726
-0.002014 -0.017930 -0.003109 -0.002237 -0.018114 -0.002881 -0.002237 -0.017882 -0.003035
-0.001193 -0.018384 -0.002235 -0.001379 -0.018302 -0.001976 -0.002043 -0.018019 -0.001827
-0.002445 -0.017908 -0.002826 -0.002590 -0.017801 -0.002573 -0.002564 -0.017804 -0.002361
-0.000956 -0.018354 -0.002278 -0.000787 -0.018574 -0.002543 -0.001518 -0.017580 -0.003266
-0.001287 -0.017630 -0.003287 -0.001093 -0.018128 -0.003219 -0.001058 -0.017715 -0.003295
-0.000862 -0.018301 -0.003159 -0.001750 -0.017531 -0.003246 -0.000617 -0.018492 -0.003004
-0.000593 -0.018596 -0.002799 -0.000556 -0.018589 -0.002589 -0.001980 -0.017480 -0.003220
-0.002444 -0.017836 -0.002874 -0.002442 -0.017598 -0.003020 -0.000915 -0.018321 -0.002066
-0.001097 -0.018207 -0.001806 -0.001994 -0.017922 -0.001613 -0.002250 -0.017863 -0.001741
-0.002500 -0.017823 -0.002809 -0.002648 -0.017680 -0.002769 -0.002624 -0.017774 -0.002564
-0.002589 -0.017788 -0.002355 -0.000510 -0.018514 -0.002376 -0.000688 -0.018369 -0.002114
-0.000948 -0.016785 -0.003299 -0.001874 -0.016586 -0.003216 -0.000819 -0.017729 -0.003300
-0.000689 -0.018214 -0.003186 -0.000615 -0.018231 -0.003173 -0.002158 -0.016983 -0.003194
-0.000368 -0.018371 -0.003043 -0.000351 -0.018524 -0.002840 -0.000318 -0.018554 -0.002632
-0.000274 -0.018493 -0.002419 -0.002427 -0.017383 -0.003081 -0.002852 -0.017290 -0.002817
-0.000844 -0.018164 -0.001767 -0.000621 -0.018213 -0.001835 -0.001941 -0.017797 -0.001397
-0.001625 -0.017531 -0.001142 -0.002161 -0.017690 -0.001347 -0.002422 -0.017622 -0.001508
-0.002856 -0.017476 -0.002714 -0.002838 -0.017620 -0.002512 -0.002804 -0.017646 -0.002304
-0.002762 -0.017597 -0.002092 -0.000402 -0.018237 -0.001942 -0.000220 -0.018353 -0.002203
-0.000781 -0.016820 -0.003282 -0.001587 -0.016187 -0.003223 -0.000867 -0.016214 -0.003220
-0.002226 -0.015130 -0.002879 -0.002389 -0.015345 -0.002863 -0.002776 -0.016390 -0.002991
-0.002719 -0.015943 -0.002966 -0.000531 -0.017332 -0.003298 -0.000768 -0.017282 -0.003308
-0.000287 -0.017843 -0.003236 -0.000367 -0.018282 -0.003096 -0.002604 -0.016886 -0.003051
-0.000285 -0.018300 -0.003053 -0.000064 -0.018388 -0.002669 -0.000092 -0.018324 -0.002875
-0.000026 -0.018347 -0.002456 -0.003022 -0.016660 -0.002839 -0.003049 -0.017158 -0.002654
-0.000497 -0.017774 -0.001419 -0.000343 -0.018065 -0.001724 -0.001879 -0.017595 -0.001177
-0.001297 -0.017139 -0.000910 -0.001709 -0.016826 -0.000719 -0.001428 -0.016649 -0.000613
-0.002513 -0.017076 -0.001017 -0.002773 -0.016998 -0.001178 -0.002912 -0.017233 -0.001819
-0.003041 -0.017391 -0.002456 -0.003012 -0.017446 -0.002249 -0.003038 -0.017241 -0.002012
0.000172 -0.017923 -0.001813 0.000031 -0.018217 -0.002241 -0.000710 -0.016835 -0.003279
-0.001244 -0.015344 -0.003205 -0.000892 -0.015878 -0.003191 -0.000119 -0.016042 -0.003190
-0.002912 -0.014980 -0.002519 -0.001690 -0.013503 -0.002861 -0.002469 -0.014424 -0.002563
-0.002867 -0.015452 -0.002764 -0.002879 -0.015527 -0.002783 -0.003132 -0.016312 -0.002792
-0.002941 -0.015894 -0.002892 -0.000073 -0.017430 -0.003247 -0.000107 -0.018148 -0.003076
-0.000094 -0.017883 -0.003183 0.000194 -0.018190 -0.002704 -0.000022 -0.018344 -0.002457
0.000315 -0.017967 -0.002927 0.000166 -0.017936 -0.003042 -0.003228 -0.016734 -0.002588
-0.003202 -0.016296 -0.002733 -0.003228 -0.016747 -0.002579 -0.003223 -0.016987 -0.002391
-0.000300 -0.016893 -0.000885 -0.000037 -0.017776 -0.001545 -0.001034 -0.017019 -0.000863
-0.002229 -0.016967 -0.000846 -0.002380 -0.016446 -0.000680 -0.001173 -0.016568 -0.000586
-0.001592 -0.016191 -0.000478 -0.002704 -0.016750 -0.000955 -0.002954 -0.016587 -0.001112
-0.003156 -0.017028 -0.001974 -0.003358 -0.016250 -0.001660 -0.003286 -0.016263 -0.001458
-0.003320 -0.016489 -0.001902 -0.003127 -0.017224 -0.002210 -0.003198 -0.017075 -0.002185
0.000638 -0.017682 -0.001884 0.000445 -0.017652 -0.001628 0.000584 -0.017821 -0.002101
0.000232 -0.018178 -0.002494 0.000474 -0.017087 -0.003230 0.000256 -0.016582 -0.003247
-0.000410 -0.014602 -0.003069 -0.000835 -0.014054 -0.003115 -0.001006 -0.013558 -0.003053
-0.000190 -0.015109 -0.003052 0.000584 -0.016192 -0.003204 0.000136 -0.014393 -0.002845
0.000190 -0.015648 -0.003070 0.000258 -0.015266 -0.002933 -0.002869 -0.014526 -0.002276
-0.003082 -0.015404 -0.002651 -0.001553 -0.012519 -0.002744 -0.001944 -0.012433 -0.002516
-0.002633 -0.014119 -0.002327 -0.002503 -0.013227 -0.002185 -0.003151 -0.015849 -0.002742
0.000191 -0.017485 -0.003201 0.000167 -0.017831 -0.003105 0.000456 -0.017964 -0.002737
0.000409 -0.017532 -0.003130 0.000433 -0.017860 -0.002942 -0.003328 -0.016267 -0.002534
-0.003367 -0.016257 -0.002324 -0.003382 -0.016251 -0.002089 -0.000084 -0.016941 -0.000999
0.000002 -0.016498 -0.000807 0.000002 -0.016498 -0.000807 -0.000251 -0.016652 -0.000770
0.000288 -0.017341 -0.001358 -0.002524 -0.015903 -0.000494 -0.000888 -0.016304 -0.000512
-0.001284 -0.015759 -0.000388 -0.002599 -0.015018 -0.000136 -0.002892 -0.016340 -0.000889
-0.003310 -0.015722 -0.000980 -0.003403 -0.015878 -0.001407 -0.003434 -0.015835 -0.001615
-0.003426 -0.015781 -0.002046 -0.003437 -0.015775 -0.001669 0.000581 -0.017549 -0.001647
0.000669 -0.017570 -0.001779 0.000781 -0.017597 -0.002122 0.000995 -0.017183 -0.001916
0.000644 -0.017102 -0.001409 0.000758 -0.017706 -0.002560 0.000440 -0.017538 -0.003115
0.000655 -0.017582 -0.002964 0.000693 -0.017133 -0.003155 0.000763 -0.016689 -0.003223
-0.000096 -0.012373 -0.002781 -0.001159 -0.013001 -0.002926 -0.000439 -0.011841 -0.002762
0.000928 -0.016265 -0.003136 0.000864 -0.016008 -0.003105 0.000498 -0.014792 -0.002727
0.000466 -0.013868 -0.002687 0.000839 -0.012567 -0.002411 0.000533 -0.011549 -0.002493
0.000517 -0.015256 -0.002837 0.000755 -0.015315 -0.002815 0.000965 -0.015498 -0.002869
-0.003195 -0.014919 -0.002243 -0.003056 -0.014484 -0.002021 -0.003236 -0.015369 -0.002486
-0.003336 -0.015806 -0.002498 -0.001919 -0.011980 -0.002445 -0.001935 -0.010594 -0.002097
-0.001231 -0.011210 -0.002563 -0.001267 -0.012123 -0.002757 -0.002263 -0.011441 -0.002016
-0.002971 -0.014041 -0.001788 -0.002705 -0.013642 -0.002026 -0.002612 -0.012740 -0.001760
-0.002801 -0.013155 -0.001537 0.000772 -0.017604 -0.002771 0.000721 -0.017594 -0.002849
-0.003341 -0.015804 -0.002483 -0.003420 -0.015786 -0.002264 0.000215 -0.016544 -0.000936
0.000827 -0.016767 -0.001419 0.000002 -0.016498 -0.000807 -0.000213 -0.016450 -0.000688
-0.003036 -0.015849 -0.000699 -0.003011 -0.015776 -0.000608 -0.002943 -0.015532 -0.000386
-0.002916 -0.015410 -0.000308 -0.000142 -0.016006 -0.000581 0.000260 -0.014715 -0.000532
-0.001391 -0.014818 -0.000255 -0.002850 -0.014963 -0.000145 -0.002771 -0.014520 -0.000083
-0.002242 -0.014175 -0.000043 -0.003424 -0.015306 -0.000710 -0.003364 -0.015783 -0.001190
-0.003486 -0.015295 -0.000914 -0.003432 -0.015771 -0.001393 -0.003458 -0.015310 -0.001571
-0.003379 -0.014867 -0.001553 -0.003367 -0.015337 -0.002241 -0.003399 -0.015327 -0.002017
-0.003395 -0.015234 -0.001795 0.000886 -0.017155 -0.001676 0.001085 -0.017257 -0.002372
0.001268 -0.016785 -0.002156 0.001366 -0.016344 -0.001925 0.001107 -0.017215 -0.002590
0.000711 -0.017506 -0.002969 0.000724 -0.017139 -0.003139 0.000890 -0.016717 -0.003162
0.000282 -0.009696 -0.002424 -0.000613 -0.011343 -0.002692 0.001026 -0.016744 -0.003059
0.001119 -0.015844 -0.002924 0.001160 -0.016313 -0.002967 0.000832 -0.014863 -0.002680
0.000656 -0.014367 -0.002641 0.000973 -0.013972 -0.002474 0.001120 -0.013085 -0.002230
0.000850 -0.012111 -0.002379 0.001048 -0.011692 -0.002170 0.000839 -0.011264 -0.002315
0.001069 -0.014970 -0.002633 0.001201 -0.015400 -0.002691 -0.003278 -0.015359 -0.002421
-0.003294 -0.014892 -0.002006 -0.003279 -0.014606 -0.001554 -0.002998 -0.014034 -0.001715
-0.002127 -0.010552 -0.001908 -0.001251 -0.008906 -0.002075 -0.001407 -0.010014 -0.002223
-0.000782 -0.010387 -0.002532 -0.002374 -0.010954 -0.001674 -0.002917 -0.013591 -0.001548
-0.002521 -0.011379 -0.001460 -0.002838 -0.013145 -0.001397 -0.002586 -0.011821 -0.001263
-0.002742 -0.012706 -0.001299 0.000923 -0.017181 -0.002986 0.001016 -0.017225 -0.002790
0.000704 -0.016185 -0.001136 0.000270 -0.016217 -0.000838 0.001258 -0.015856 -0.001435
0.001298 -0.016328 -0.001781 0.000078 -0.016053 -0.000671 -0.003211 -0.015513 -0.000549
-0.003167 -0.015357 -0.000403 -0.003061 -0.015380 -0.000352 -0.000545 -0.013624 -0.000357
0.000698 -0.014810 -0.000719 0.000140 -0.013771 -0.000474 -0.001231 -0.013475 -0.000249
-0.001960 -0.013777 -0.000078 -0.003141 -0.015249 -0.000327 -0.003078 -0.014916 -0.000191
-0.002864 -0.014501 -0.000108 -0.002476 -0.014124 -0.000042 -0.002675 -0.013625 -0.000136
-0.002967 -0.014022 -0.000158 -0.002543 -0.013652 -0.000107 -0.003305 -0.015330 -0.000518
-0.003488 -0.015279 -0.000913 -0.003442 -0.015208 -0.000700 -0.003493 -0.015300 -0.001347
-0.003507 -0.015294 -0.001127 -0.003499 -0.015083 -0.001113 -0.003439 -0.014852 -0.001324
0.001290 -0.016793 -0.002377 0.001406 -0.016356 -0.002151 0.001516 -0.015918 -0.001922
0.001510 -0.015919 -0.002138 0.001453 -0.015901 -0.001692 0.001203 -0.016778 -0.002793
0.001013 -0.016965 -0.002987 0.000175 -0.008755 -0.002294 -0.000123 -0.009149 -0.002351
0.000780 -0.009800 -0.002260 0.000482 -0.009278 -0.002315 -0.000487 -0.009992 -0.002487
-0.000648 -0.009496 -0.002369 0.001101 -0.016759 -0.002989 0.001229 -0.015542 -0.002707
0.001495 -0.015459 -0.002318 0.001451 -0.015909 -0.002343 0.001198 -0.014240 -0.002387
0.001079 -0.014915 -0.002613 0.001355 -0.014050 -0.002186 0.001385 -0.013340 -0.001923
0.001056 -0.011234 -0.002137 0.001296 -0.012202 -0.001821 0.001194 -0.011260 -0.001949
0.001320 -0.014965 -0.002465 0.001329 -0.015041 -0.002472 -0.003246 -0.014437 -0.001480
-0.003083 -0.014014 -0.001548 -0.002917 -0.013591 -0.001548 -0.001390 -0.008328 -0.001885
-0.002327 -0.010506 -0.001634 -0.002269 -0.010059 -0.001607 -0.001951 -0.009211 -0.001740
-0.000228 -0.008207 -0.002210 -0.002473 -0.010930 -0.001436 -0.002917 -0.013591 -0.001548
-0.002537 -0.011373 -0.001240 -0.003039 -0.013561 -0.001305 -0.002707 -0.012709 -0.000872
-0.002741 -0.012703 -0.001082 -0.002555 -0.011826 -0.001053 -0.003057 -0.013428 -0.001075
0.001541 -0.014998 -0.001282 0.001472 -0.015442 -0.001383 0.000900 -0.014930 -0.000864
0.001503 -0.014529 -0.001167 -0.001117 -0.012581 -0.000199 0.000229 -0.012872 -0.000574
-0.001409 -0.012977 -0.000226 0.001033 -0.013964 -0.000753 0.000866 -0.013470 -0.000662
0.000413 -0.013371 -0.000566 -0.001919 -0.013327 -0.000145 -0.002623 -0.013178 -0.000273
-0.003237 -0.014882 -0.000281 -0.003218 -0.014428 -0.000251 -0.003017 -0.014468 -0.000144
-0.002921 -0.013517 -0.000241 -0.003111 -0.013992 -0.000240 -0.003407 -0.014848 -0.000463
-0.003348 -0.014860 -0.000396 -0.003516 -0.014830 -0.000874 -0.003488 -0.014833 -0.000663
-0.003446 -0.014386 -0.000854 0.001591 -0.015679 -0.001919 0.001652 -0.015485 -0.001700
0.001589 -0.015476 -0.002120 0.001536 -0.015457 -0.001459 0.000238 -0.008308 -0.002236
0.000851 -0.009331 -0.002174 0.001286 -0.009445 -0.001832 0.001595 -0.015019 -0.002088
0.001433 -0.013250 -0.001709 0.001575 -0.013965 -0.001789 0.001382 -0.012674 -0.001656
0.001327 -0.012241 -0.001614 0.001292 -0.011737 -0.001570 0.001275 -0.011277 -0.001750
0.001279 -0.010818 -0.001716 -0.003319 -0.013954 -0.000845 -0.001979 -0.007824 -0.001458
-0.001181 -0.007542 -0.001867 -0.002433 -0.010480 -0.001410 -0.002298 -0.009133 -0.001337
-0.002392 -0.010029 -0.001385 -0.002345 -0.009580 -0.001360 -0.002199 -0.008236 -0.001289
0.000119 -0.007363 -0.002175 -0.000682 -0.006274 -0.001976 -0.002487 -0.010924 -0.001216
-0.002360 -0.011403 -0.000625 -0.002490 -0.011837 -0.000849 -0.003189 -0.013521 -0.000623
-0.002957 -0.013114 -0.000854 -0.002669 -0.012791 -0.000669 -0.002628 -0.012722 -0.000672
-0.002451 -0.012302 -0.000675 0.001696 -0.015032 -0.001457 0.001604 -0.014551 -0.001225
0.001167 -0.013995 -0.000846 0.001446 -0.014057 -0.001083 0.001646 -0.014102 -0.001289
-0.000370 -0.012283 -0.000261 -0.001611 -0.012016 -0.000165 -0.000822 -0.012185 -0.000156
0.000268 -0.012883 -0.000591 0.000285 -0.012426 -0.000558 -0.002130 -0.012825 -0.000314
-0.001832 -0.012429 -0.000256 0.001291 -0.013563 -0.000929 0.001091 -0.013419 -0.000789
0.000889 -0.013172 -0.000731 -0.002648 -0.013174 -0.000284 -0.002473 -0.012755 -0.000487
-0.002650 -0.012926 -0.000466 -0.003392 -0.014392 -0.000432 -0.002876 -0.013127 -0.000438
-0.003133 -0.013530 -0.000418 -0.003227 -0.013799 -0.000420 -0.003455 -0.014382 -0.000636
-0.003349 -0.013945 -0.000624 0.001652 -0.015485 -0.001700 0.001655 -0.015487 -0.001917
0.001652 -0.015485 -0.001700 0.001703 -0.015040 -0.001894 0.000593 -0.007465 -0.002150
0.001195 -0.008049 -0.001928 0.001388 -0.009921 -0.001454 0.001423 -0.009469 -0.001561
0.001608 -0.008133 -0.001580 0.001681 -0.014575 -0.001855 0.001632 -0.013803 -0.001571
0.001463 -0.013297 -0.001501 0.001344 -0.012663 -0.001431 0.001730 -0.014124 -0.001614
0.001274 -0.012188 -0.001383 0.001318 -0.012896 -0.001227 0.001205 -0.011714 -0.001334
0.001277 -0.011274 -0.001533 0.001276 -0.010815 -0.001495 -0.002380 -0.007733 -0.001000
-0.002674 -0.006749 -0.000644 -0.002152 -0.006868 -0.001197 -0.001780 -0.006951 -0.001491
-0.001560 -0.006081 -0.001613 -0.002450 -0.010474 -0.001190 -0.002407 -0.008647 -0.001063
-0.002419 -0.010021 -0.001162 0.000042 -0.005972 -0.002177 0.000648 -0.007018 -0.002135
-0.001238 -0.004996 -0.001884 -0.002319 -0.010951 -0.000383 -0.002241 -0.011541 -0.000442
-0.002224 -0.011889 -0.000471 -0.002941 -0.013097 -0.000639 -0.002935 -0.013116 -0.000589
-0.002378 -0.012618 -0.000495 -0.002087 -0.012377 -0.000375 0.001730 -0.015040 -0.001554
0.001786 -0.014594 -0.001539 0.001777 -0.014591 -0.001441 0.001480 -0.013607 -0.001193
0.001715 -0.014117 -0.001394 0.001654 -0.013925 -0.001368 0.000137 -0.011934 -0.000357
-0.000904 -0.011248 0.000118 -0.001906 -0.011317 -0.000056 -0.002013 -0.011865 -0.000293
0.000501 -0.012474 -0.000665 0.001313 -0.013111 -0.001104 0.001119 -0.013067 -0.000868
0.000932 -0.012569 -0.000895 0.001766 -0.015051 -0.001690 0.001793 -0.014597 -0.001661
0.001755 -0.014590 -0.001718 0.001108 -0.006656 -0.002025 0.001349 -0.007623 -0.001855
0.001302 -0.010359 -0.001253 0.001479 -0.009478 -0.001222 0.001389 -0.009913 -0.001453
0.001659 -0.008602 -0.001408 0.001889 -0.007732 -0.001388 0.001779 -0.014487 -0.001650
0.001482 -0.013440 -0.001299 0.001093 -0.012148 -0.001128 0.001199 -0.011712 -0.001326
0.001141 -0.012615 -0.001047 0.001061 -0.011223 -0.001064 -0.002515 -0.008161 -0.000789
-0.002400 -0.005894 -0.001030 -0.002881 -0.007105 -0.000207 -0.002574 -0.008145 -0.000560
-0.003050 -0.006310 -0.000332 -0.003057 -0.006662 -0.000136 -0.001799 -0.006318 -0.001441
-0.002140 -0.005336 -0.001302 -0.001906 -0.005088 -0.001507 -0.002376 -0.010025 -0.000737
-0.002453 -0.009093 -0.000870 0.000310 -0.005572 -0.002291 0.000712 -0.006460 -0.002151
-0.001880 -0.004637 -0.001667 -0.001195 -0.004331 -0.002090 0.000136 -0.004905 -0.002358
-0.000010 -0.003672 -0.002651 -0.002168 -0.011250 -0.000218 -0.002243 -0.010965 -0.000182
-0.002333 -0.010425 -0.000342 -0.002301 -0.010493 -0.000136 -0.002114 -0.011452 -0.000243
0.000217 -0.011409 -0.000254 -0.001453 -0.010152 0.000376 -0.001022 -0.009173 0.000800
-0.000299 -0.010456 0.000287 0.000066 -0.010997 -0.000017 -0.001788 -0.010668 0.000186
-0.002039 -0.011007 -0.000008 0.000579 -0.011571 -0.000553 0.000764 -0.012073 -0.000811
0.001403 -0.007175 -0.001850 0.001457 -0.006671 -0.001876 0.001964 -0.006834 -0.001622
0.001010 -0.005944 -0.002170 0.001132 -0.010316 -0.000783 0.001611 -0.009045 -0.000998
0.001858 -0.008182 -0.001198 0.001172 -0.009864 -0.000541 0.002218 -0.007341 -0.001205
0.002070 -0.007312 -0.001391 0.000862 -0.010714 -0.000544 -0.002533 -0.008611 -0.000385
-0.002789 -0.005351 -0.000865 -0.003227 -0.005710 -0.000371 -0.002366 -0.005445 -0.001142
-0.002698 -0.007788 -0.000076 -0.003168 -0.006634 0.000100 -0.003233 -0.006491 0.000123
-0.003626 -0.006075 0.000355 -0.002301 -0.004089 -0.001687 0.000799 -0.005483 -0.002312
0.000597 -0.004948 -0.002450 -0.002080 -0.004137 -0.001770 -0.001392 -0.003801 -0.002200
-0.001836 -0.003733 -0.002026 -0.002064 -0.003871 -0.001858 -0.000231 -0.003544 -0.002621
-0.000696 -0.003525 -0.002537 -0.000923 -0.003476 -0.002493 0.000406 -0.004219 -0.002661
0.000663 -0.003819 -0.002833 -0.000200 -0.003173 -0.002697 0.000254 -0.003273 -0.002785
-0.002109 -0.010992 -0.000055 -0.002086 -0.010894 0.000010 -0.002195 -0.010513 0.000059
-0.002302 -0.010472 -0.000134 -0.002370 -0.009559 -0.000053 0.000854 -0.010250 -0.000291
0.000359 -0.010576 -0.000003 -0.001982 -0.010358 0.000246 -0.001831 -0.010589 0.000200
-0.000262 -0.008980 0.000885 -0.000023 -0.010198 0.000315 -0.000591 -0.008089 0.001160
-0.001857 -0.009663 0.000489 0.000336 -0.009493 0.000515 0.001746 -0.006332 -0.001830
0.002282 -0.006899 -0.001401 0.001562 -0.005269 -0.002226 0.002139 -0.007781 -0.001006
0.001985 -0.008202 -0.000574 0.001942 -0.008259 -0.000787 0.001031 -0.010216 -0.000540
0.001141 -0.009635 -0.000300 0.002218 -0.007341 -0.001205 0.002218 -0.007342 -0.001204
-0.002368 -0.009098 0.000197 -0.002391 -0.009330 -0.000033 -0.003193 -0.004733 -0.000838
-0.002747 -0.004317 -0.001327 -0.003840 -0.005761 0.000294 -0.003412 -0.004757 -0.000694
-0.003630 -0.004788 -0.000542 -0.003629 -0.005354 -0.000151 -0.003025 -0.006978 0.000264
-0.002970 -0.007131 0.000459 -0.002639 -0.007896 0.000338 -0.003198 -0.006789 0.000528
-0.003413 -0.006354 0.000385 -0.003832 -0.005984 0.000492 -0.003624 -0.006186 0.000438
-0.002268 -0.003639 -0.001802 -0.002481 -0.003591 -0.001673 -0.002517 -0.004042 -0.001572
0.000868 -0.004359 -0.002676 0.000915 -0.004786 -0.002500 -0.002268 -0.003639 -0.001802
-0.001589 -0.003331 -0.002261 -0.001369 -0.003378 -0.002353 -0.002054 -0.003686 -0.001925
-0.002014 -0.003236 -0.002002 -0.001926 -0.003256 -0.002057 -0.000429 -0.003125 -0.002655
-0.000883 -0.003026 -0.002565 -0.001145 -0.003398 -0.002434 -0.001106 -0.002977 -0.002498
0.000481 -0.003321 -0.002836 0.000904 -0.003789 -0.002857 0.001375 -0.003970 -0.002799
0.000919 -0.004331 -0.002684 0.000941 -0.003420 -0.002897 0.000708 -0.003370 -0.002880
0.000088 -0.002776 -0.002693 -0.000371 -0.002678 -0.002632 0.000317 -0.002825 -0.002730
-0.002236 -0.010237 0.000087 -0.002074 -0.010078 0.000285 -0.002269 -0.010037 0.000108
-0.002318 -0.009568 0.000152 0.000628 -0.009738 0.000224 0.000032 -0.008684 0.000989
-0.001403 -0.008494 0.000923 -0.001004 -0.007542 0.001184 -0.000527 -0.007644 0.001223
0.000181 -0.007794 0.001237 -0.002109 -0.009610 0.000391 -0.002028 -0.009166 0.000557
-0.001731 -0.008959 0.000735 0.000315 -0.008396 0.001034 0.000599 -0.009270 0.000491
0.003041 -0.006939 -0.000900 0.003296 -0.006653 -0.001018 0.002375 -0.007374 -0.001021
0.002296 -0.005076 -0.002136 0.002522 -0.006498 -0.001418 0.002550 -0.005585 -0.001877
0.002077 -0.004883 -0.002296 0.002090 -0.004577 -0.002431 0.001871 -0.004073 -0.002649
0.001620 -0.004022 -0.002736 0.002241 -0.007735 -0.000805 0.001512 -0.008839 -0.000096
0.002254 -0.007801 -0.000596 0.001582 -0.008565 0.000121 0.002207 -0.007782 0.000065
0.001302 -0.008938 0.000153 -0.002245 -0.009121 0.000389 -0.002427 -0.008357 0.000480
-0.003389 -0.004305 -0.000867 -0.003181 -0.004353 -0.001024 -0.003165 -0.004356 -0.001033
-0.002999 -0.003935 -0.001250 -0.002730 -0.003995 -0.001445 -0.004028 -0.005690 0.000552
-0.003977 -0.005542 0.000336 -0.003694 -0.004694 -0.000522 -0.003518 -0.004277 -0.000742
-0.003837 -0.004874 -0.000291 -0.004024 -0.005075 0.000157 -0.002973 -0.007129 0.000669
-0.002972 -0.007131 0.000676 -0.002782 -0.007474 0.000614 -0.003366 -0.006560 0.000794
-0.003173 -0.006875 0.000733 -0.003394 -0.006497 0.000587 -0.003815 -0.006031 0.000622
-0.004004 -0.005792 0.000757 -0.003598 -0.006265 0.000644 -0.003830 -0.006026 0.000706
-0.002423 -0.003145 -0.001644 -0.002304 -0.003172 -0.001761 -0.002268 -0.003639 -0.001802
-0.002686 -0.003545 -0.001500 -0.002687 -0.003556 -0.001499 -0.001540 -0.002882 -0.002288
-0.001755 -0.002836 -0.002164 -0.001325 -0.002929 -0.002403 -0.002222 -0.003190 -0.001842
-0.001958 -0.002790 -0.001979 -0.002155 -0.002744 -0.001760 -0.000599 -0.002629 -0.002586
-0.001046 -0.002531 -0.002452 0.000545 -0.002875 -0.002773 0.001179 -0.003471 -0.002874
0.001661 -0.003626 -0.002774 0.001419 -0.003521 -0.002851 0.000772 -0.002923 -0.002818
0.001048 -0.002982 -0.002825 0.000166 -0.002332 -0.002550 -0.000067 -0.002282 -0.002533
-0.000522 -0.002185 -0.002450 0.000398 -0.002383 -0.002565 -0.002180 -0.009596 0.000341
-0.002071 -0.008236 0.000854 -0.001759 -0.007841 0.001040 -0.001231 -0.007427 0.001186
-0.001166 -0.007046 0.001303 -0.001704 -0.007393 0.001214 -0.000867 -0.006652 0.001366
-0.000229 -0.007248 0.001283 -0.000461 -0.007158 0.001275 -0.000400 -0.006751 0.001349
0.000633 -0.007893 0.001135 0.000473 -0.007398 0.001269 -0.002163 -0.008678 0.000622
0.000773 -0.008383 0.000887 0.001143 -0.008466 0.000653 0.003558 -0.006547 -0.000970
0.002523 -0.007352 -0.000831 0.002801 -0.007289 -0.000663 0.003303 -0.007005 -0.000739
0.002790 -0.005929 -0.001644 0.003041 -0.005791 -0.001682 0.003543 -0.006249 -0.001255
0.002784 -0.005178 -0.002021 0.002338 -0.004664 -0.002331 0.002684 -0.004700 -0.002183
0.002771 -0.005633 -0.001836 0.002122 -0.004127 -0.002553 0.002377 -0.004180 -0.002434
0.002433 -0.003733 -0.002415 0.002534 -0.007404 -0.000728 0.002576 -0.007511 -0.000419
0.002604 -0.007418 -0.000635 0.001432 -0.008530 0.000376 0.002722 -0.007222 0.000224
-0.002364 -0.008148 0.000700 -0.003344 -0.003856 -0.000913 -0.003296 -0.003868 -0.000972
-0.003179 -0.004333 -0.001028 -0.003083 -0.003455 -0.001072 -0.002888 -0.003500 -0.001306
-0.004191 -0.005141 0.000624 -0.004174 -0.005292 0.000826 -0.003763 -0.004220 -0.000474
-0.003936 -0.004640 -0.000255 -0.003528 -0.003814 -0.000617 -0.004017 -0.004740 -0.000030
-0.004126 -0.004594 0.000218 -0.004174 -0.004716 0.000435 -0.004048 -0.004614 -0.000015
-0.004213 -0.005028 0.000637 -0.002974 -0.007128 0.000676 -0.002737 -0.007412 0.000827
-0.002970 -0.007128 0.000684 -0.003242 -0.006608 0.000983 -0.003549 -0.006169 0.000858
-0.002931 -0.007094 0.000887 -0.004058 -0.005517 0.001004 -0.003961 -0.005743 0.000969
-0.003759 -0.005984 0.000912 -0.003788 -0.006035 0.000781 -0.002570 -0.003112 -0.001489
-0.002340 -0.002703 -0.001502 -0.002684 -0.003528 -0.001497 -0.001475 -0.002437 -0.002215
-0.001665 -0.002395 -0.002043 -0.001867 -0.002313 -0.001781 -0.002273 -0.002415 -0.001277
-0.001010 -0.002333 -0.002381 -0.000746 -0.002136 -0.002384 0.000797 -0.002792 -0.002763
0.000630 -0.002432 -0.002584 0.001242 -0.003025 -0.002817 0.001675 -0.003512 -0.002768
0.001484 -0.003076 -0.002776 0.001316 -0.002669 -0.002637 0.001104 -0.002498 -0.002583
0.000011 -0.001928 -0.002331 0.000228 -0.002048 -0.002382 -0.000212 -0.001843 -0.002281
-0.000675 -0.001818 -0.002191 0.000446 -0.002170 -0.002432 -0.002484 -0.007538 0.000985
-0.002264 -0.007735 0.000997 -0.001443 -0.007258 0.001239 -0.001960 -0.006107 0.001641
-0.000736 -0.005759 0.001513 -0.000611 -0.006707 0.001337 -0.000263 -0.005884 0.001548
-0.000095 -0.006356 0.001447 0.001579 -0.007620 0.000848 0.001282 -0.008035 0.000810
0.000985 -0.007048 0.001199 0.000598 -0.006506 0.001380 0.001991 -0.007764 0.000542
0.003572 -0.007008 -0.000574 0.003622 -0.006719 -0.000779 0.003631 -0.006267 -0.001180
0.003763 -0.006293 -0.000991 0.002830 -0.007345 -0.000456 0.003073 -0.007270 -0.000497
0.003310 -0.007109 -0.000628 0.003402 -0.007129 -0.000550 0.003555 -0.005991 -0.001362
0.003391 -0.005761 -0.001531 0.003136 -0.005710 -0.001695 0.003114 -0.005248 -0.001873
0.003121 -0.004790 -0.001905 0.003033 -0.004315 -0.002005 0.002901 -0.004288 -0.002122
0.002601 -0.003767 -0.002315 0.001969 -0.003177 -0.002583 0.002265 -0.003237 -0.002428
0.002535 -0.003294 -0.002267 0.002679 -0.007429 -0.000216 0.002676 -0.007431 -0.000433
0.002889 -0.006544 0.000722 0.003045 -0.006802 0.000410 0.002868 -0.007330 -0.000246
0.003164 -0.007128 -0.000071 0.003226 -0.006926 0.000149 -0.003254 -0.003375 -0.000726
-0.003015 -0.003008 -0.000745 -0.002620 -0.003099 -0.001423 -0.004219 -0.005025 0.000855
-0.004165 -0.005033 0.001061 -0.003699 -0.003772 -0.000246 -0.003920 -0.004183 -0.000224
-0.003606 -0.003796 -0.000473 -0.004014 -0.004620 -0.000096 -0.003963 -0.004174 -0.000105
-0.003139 -0.002975 -0.000339 -0.004183 -0.004579 0.000447 -0.004134 -0.004403 0.000451
-0.004070 -0.004144 0.000458 -0.004004 -0.004163 0.000010 -0.004220 -0.004568 0.000672
-0.002681 -0.007186 0.001049 -0.002674 -0.007199 0.001047 -0.003061 -0.006575 0.001168
-0.003464 -0.006102 0.001063 -0.003017 -0.006654 0.001153 -0.003520 -0.006091 0.000974
-0.003664 -0.006060 0.000888 -0.003920 -0.005543 0.001193 -0.004078 -0.005050 0.001213
-0.004053 -0.005055 0.001254 -0.003704 -0.005838 0.001129 -0.003495 -0.006027 0.001075
-0.002526 -0.002658 -0.001182 -0.001168 -0.002030 -0.002112 -0.001399 -0.001989 -0.001847
-0.001509 -0.001963 -0.001607 -0.001803 -0.002096 -0.001561 -0.002052 -0.002305 -0.001465
-0.002484 -0.002530 -0.001028 -0.002230 -0.002361 -0.001065 -0.002118 -0.002288 -0.001298
-0.000964 -0.002087 -0.002285 -0.000915 -0.001878 -0.002149 0.000861 -0.002482 -0.002608
0.000666 -0.002277 -0.002482 0.001734 -0.003128 -0.002691 0.001518 -0.002915 -0.002693
0.001383 -0.002423 -0.002415 0.001567 -0.002630 -0.002465 0.000887 -0.002372 -0.002532
0.001167 -0.002285 -0.002363 0.000280 -0.001894 -0.002186 0.000037 -0.001843 -0.002233
0.000504 -0.001998 -0.002214 -0.000150 -0.001648 -0.002062 -0.000418 -0.001745 -0.002147
-0.000621 -0.001699 -0.001975 0.000725 -0.002099 -0.002264 -0.002397 -0.007143 0.001215
-0.002083 -0.005468 0.001884 -0.002593 -0.006847 0.001274 -0.002489 -0.006317 0.001510
-0.002159 -0.005913 0.001751 -0.002028 -0.005021 0.001898 -0.000391 -0.004916 0.001537
-0.001310 -0.004718 0.001665 -0.000023 -0.005912 0.001560 0.000088 -0.005018 0.001594
0.000374 -0.006376 0.001389 0.000160 -0.006226 0.001441 0.001878 -0.007243 0.000925
0.001278 -0.006652 0.001234 0.000726 -0.005613 0.001506 0.001398 -0.005949 0.001440
0.002037 -0.006817 0.001036 0.002679 -0.006497 0.000867 0.002465 -0.006449 0.000991
0.003606 -0.007033 -0.000365 0.003756 -0.006744 -0.000589 0.003882 -0.006315 -0.000647
0.003810 -0.005847 -0.001184 0.003853 -0.006059 -0.000991 0.003859 -0.005856 -0.001091
0.003111 -0.007257 -0.000287 0.003353 -0.007187 -0.000328 0.003566 -0.005797 -0.001429
0.003497 -0.005324 -0.001518 0.003326 -0.005292 -0.001700 0.003181 -0.004803 -0.001853
0.003190 -0.004325 -0.001819 0.003020 -0.003853 -0.001968 0.003143 -0.003877 -0.001777
0.002835 -0.003816 -0.002147 0.002761 -0.003456 -0.002106 0.002715 -0.003329 -0.002087
0.002253 -0.003207 -0.002423 0.002060 -0.002895 -0.002363 0.001793 -0.002871 -0.002526
0.002517 -0.003249 -0.002260 0.003295 -0.006636 0.000353 0.002961 -0.006100 0.000833
0.003150 -0.006267 0.000647 0.003407 -0.007048 -0.000111 0.003377 -0.007118 -0.000237
0.003495 -0.006681 0.000148 -0.002753 -0.002813 -0.000998 -0.002966 -0.002940 -0.000749
-0.002908 -0.002774 -0.000531 -0.004200 -0.004569 0.000885 -0.004135 -0.004580 0.001088
-0.003777 -0.003753 -0.000003 -0.003174 -0.002965 -0.000061 -0.003156 -0.002973 -0.000282
-0.003924 -0.004008 0.000006 -0.003125 -0.002932 -0.000284 -0.004080 -0.004140 0.000677
-0.004060 -0.004108 0.000676 -0.003814 -0.003715 0.000441 -0.003442 -0.005901 0.001291
-0.003230 -0.006147 0.001288 -0.002789 -0.006560 0.001334 -0.002915 -0.005994 0.001616
-0.003565 -0.005321 0.001574 -0.003113 -0.005725 0.001674 -0.003876 -0.005091 0.001434
-0.003829 -0.005278 0.001412 -0.004012 -0.004606 0.001279 -0.002600 -0.002640 -0.001014
-0.001356 -0.001962 -0.001854 -0.001106 -0.001826 -0.001892 -0.000862 -0.001743 -0.001932
-0.001305 -0.001851 -0.001638 -0.001476 -0.001969 -0.001398 -0.001272 -0.001875 -0.001430
-0.002013 -0.002203 -0.001311 -0.001763 -0.002065 -0.001350 -0.002445 -0.002507 -0.000817
-0.002201 -0.002428 -0.000858 -0.001980 -0.002236 -0.001103 -0.001976 -0.002315 -0.001024
-0.001964 -0.002393 -0.000901 0.000947 -0.002186 -0.002313 0.001430 -0.002339 -0.002201
0.001645 -0.002490 -0.002253 0.001820 -0.002682 -0.002301 0.001211 -0.002226 -0.002150
0.000328 -0.001904 -0.002173 0.000287 -0.001872 -0.002163 0.000072 -0.001729 -0.002111
0.000515 -0.001941 -0.001995 0.000767 -0.002056 -0.002052 -0.000621 -0.001698 -0.001965
-0.000344 -0.001623 -0.001806 0.000114 -0.001690 -0.001899 0.000989 -0.002143 -0.002101
-0.002311 -0.005418 0.001925 -0.002255 -0.004971 0.001940 -0.002616 -0.005766 0.001792
-0.002391 -0.005862 0.001766 -0.002220 -0.004522 0.001838 -0.001210 -0.003822 0.001626
-0.000923 -0.003426 0.001627 -0.001977 -0.004403 0.001770 -0.001725 -0.004170 0.001674
0.000468 -0.003723 0.001511 0.000924 -0.003821 0.001430 0.001326 -0.004367 0.001339
0.001958 -0.006800 0.001089 0.001818 -0.006307 0.001330 0.001595 -0.006229 0.001382
0.001685 -0.005517 0.001417 0.001656 -0.005813 0.001450 0.002746 -0.006063 0.000956
0.002752 -0.006053 0.000955 0.002320 -0.005957 0.001210 0.002536 -0.006006 0.001100
0.003667 -0.006836 -0.000146 0.003795 -0.006752 -0.000381 0.003890 -0.006345 -0.000586
0.003913 -0.006317 -0.000371 0.003972 -0.005873 -0.000566 0.003672 -0.005360 -0.001338
0.003914 -0.005406 -0.000954 0.003908 -0.005619 -0.000969 0.003913 -0.005866 -0.000988
0.003487 -0.004863 -0.001482 0.003649 -0.005247 -0.001325 0.003319 -0.004371 -0.001630
0.003216 -0.003890 -0.001575 0.003264 -0.004034 -0.001595 0.002995 -0.003743 -0.001955
0.003044 -0.003637 -0.001740 0.002789 -0.003344 -0.001886 0.002809 -0.003360 -0.001891
0.002572 -0.003109 -0.002043 0.002323 -0.002945 -0.002200 0.001850 -0.002710 -0.002309
0.002109 -0.002794 -0.002148 0.003575 -0.006236 0.000300 0.003512 -0.006222 0.000363
0.003375 -0.006192 0.000507 0.003219 -0.005698 0.000675 0.002749 -0.006034 0.000958
0.003530 -0.006689 0.000108 -0.002698 -0.002667 -0.000780 -0.002659 -0.002647 -0.000570
-0.002867 -0.002735 -0.000320 -0.002627 -0.002681 -0.000361 -0.003976 -0.004156 0.001089
-0.003309 -0.003125 0.000170 -0.003154 -0.002967 0.000152 -0.003080 -0.002861 -0.000071
-0.003043 -0.002860 0.000139 -0.002831 -0.002739 -0.000110 -0.003698 -0.003756 0.001066
-0.003471 -0.003426 0.000830 -0.002817 -0.005516 0.001850 -0.003026 -0.005266 0.001862
-0.003796 -0.005107 0.001485 -0.003277 -0.005214 0.001771 -0.003838 -0.004640 0.001461
-0.002642 -0.002629 -0.000789 -0.001062 -0.001769 -0.001679 -0.000824 -0.001729 -0.001722
-0.000622 -0.001696 -0.001758 -0.001031 -0.001815 -0.001472 -0.001495 -0.002083 -0.001185
-0.001261 -0.002011 -0.001276 -0.001019 -0.002007 -0.001272 -0.002417 -0.002578 -0.000611
-0.002181 -0.002553 -0.000655 -0.001482 -0.002272 -0.000985 -0.001481 -0.002419 -0.000878
0.001464 -0.002362 -0.001992 0.001681 -0.002491 -0.002043 0.001895 -0.002642 -0.002095
0.001866 -0.002692 -0.002226 0.001242 -0.002275 -0.001943 0.000332 -0.001810 -0.001950
0.000348 -0.001904 -0.001793 0.000795 -0.002121 -0.001846 0.001019 -0.002198 -0.001894
-0.000095 -0.001791 -0.001649 -0.000581 -0.001705 -0.001730 -0.002544 -0.005368 0.001937
-0.002490 -0.004921 0.001946 -0.002722 -0.004767 0.001887 -0.002684 -0.004174 0.001707
-0.002191 -0.003970 0.001627 -0.001683 -0.003721 0.001611 -0.001402 -0.003323 0.001573
-0.001394 -0.003197 0.001531 -0.001016 -0.002949 0.001476 -0.000890 -0.002975 0.001510
-0.000376 -0.003084 0.001560 -0.000176 -0.003127 0.001561 -0.001907 -0.003278 0.001407
-0.001842 -0.003688 0.001581 0.000740 -0.003324 0.001421 0.000285 -0.003226 0.001507
0.001376 -0.003919 0.001325 0.001194 -0.003423 0.001329 0.001599 -0.003969 0.001255
0.001997 -0.004514 0.001141 0.001882 -0.005862 0.001396 0.002152 -0.005461 0.001292
0.002371 -0.005510 0.001200 0.003691 -0.006725 -0.000085 0.003735 -0.006735 -0.000151
0.003877 -0.006306 -0.000146 0.003964 -0.005869 -0.000348 0.003969 -0.005413 -0.000532
0.003868 -0.004934 -0.000693 0.003712 -0.004907 -0.001095 0.003777 -0.004819 -0.000884
0.003413 -0.004389 -0.001433 0.003510 -0.004505 -0.001243 0.003221 -0.003889 -0.001359
0.003077 -0.003665 -0.001532 0.003304 -0.004003 -0.001384 0.002836 -0.003439 -0.001685
0.002611 -0.003375 -0.001637 0.002603 -0.003302 -0.001731 0.002599 -0.003185 -0.001838
0.002359 -0.002948 -0.001991 0.001918 -0.002750 -0.001891 0.002140 -0.002839 -0.001940
0.003733 -0.006273 0.000100 0.003631 -0.005790 0.000321 0.003431 -0.005744 0.000524
0.003257 -0.005248 0.000577 0.003031 -0.005365 0.000736 0.003766 -0.006281 0.000048
-0.002398 -0.002677 -0.000434 -0.002394 -0.002687 -0.000407 -0.002596 -0.002728 -0.000154
-0.003672 -0.004216 0.001460 -0.003694 -0.003919 0.001270 -0.003208 -0.003186 0.000797
-0.002958 -0.003058 0.000758 -0.002798 -0.002771 0.000098 -0.002770 -0.002837 0.000304
-0.002567 -0.002785 0.000053 -0.003420 -0.003595 0.001241 -0.003186 -0.003306 0.001001
-0.003059 -0.003433 0.001183 -0.003215 -0.004768 0.001824 -0.003300 -0.004751 0.001782
-0.000795 -0.001796 -0.001515 -0.000535 -0.002620 -0.000845 0.000139 -0.002066 -0.001498
-0.000316 -0.002213 -0.001249 -0.002163 -0.002702 -0.000452 -0.001202 -0.002931 -0.000313
-0.001445 -0.002844 -0.000384 -0.001920 -0.002779 -0.000389 0.001476 -0.002556 -0.001792
0.001694 -0.002650 -0.001863 0.001030 -0.002400 -0.001694 -0.003178 -0.004319 0.001736
-0.003157 -0.003651 0.001403 -0.002677 -0.003968 0.001610 -0.002915 -0.003869 0.001557
-0.002418 -0.003342 0.001284 -0.002168 -0.003494 0.001441 -0.002914 -0.003575 0.001362
-0.002923 -0.003352 0.001163 -0.001505 -0.003302 0.001545 -0.001650 -0.003084 0.001372
-0.001402 -0.002968 0.001332 -0.001148 -0.002921 0.001370 -0.001156 -0.002869 0.001293
-0.000889 -0.002888 0.001457 -0.000648 -0.002826 0.001415 -0.000170 -0.003027 0.001525
-0.000410 -0.002785 0.001372 0.000065 -0.003011 0.001481 -0.002103 -0.003178 0.001235
-0.001909 -0.003219 0.001355 -0.001850 -0.003230 0.001399 0.000520 -0.003104 0.001387
0.000750 -0.003125 0.001341 0.000979 -0.003155 0.001295 0.001416 -0.003471 0.001252
0.001202 -0.003234 0.001246 0.001420 -0.003354 0.001195 0.001818 -0.004016 0.001159
0.001600 -0.003511 0.001148 0.001630 -0.003541 0.001141 0.001833 -0.003779 0.001084
0.002214 -0.004562 0.001041 0.002030 -0.004063 0.001025 0.002030 -0.004063 0.001025
0.002228 -0.004338 0.000967 0.002614 -0.005106 0.000936 0.003822 -0.005834 0.000065
0.003854 -0.005364 -0.000073 0.003853 -0.005078 -0.000268 0.003840 -0.004926 -0.000451
0.003815 -0.004802 -0.000674 0.003539 -0.004411 -0.001026 0.003570 -0.004415 -0.000815
0.003483 -0.004400 -0.001230 0.003125 -0.003865 -0.001122 0.003125 -0.003865 -0.001122
0.003103 -0.003749 -0.001326 0.002859 -0.003547 -0.001481 0.003337 -0.004034 -0.001175
0.002410 -0.003696 -0.001189 0.002171 -0.003454 -0.001342 0.002376 -0.003100 -0.001788
0.002151 -0.003039 -0.001741 0.003705 -0.005348 0.000174 0.003420 -0.005285 0.000450
0.002630 -0.004557 0.000656 0.003273 -0.004710 0.000304 0.002838 -0.004464 0.000406
-0.003381 -0.003820 0.001433 -0.002450 -0.003021 0.000880 -0.002540 -0.002858 0.000259
-0.002051 -0.002967 0.000374 0.000156 -0.002804 -0.000906 -0.000467 -0.003061 -0.000155
-0.000725 -0.002972 -0.000315 -0.000255 -0.002938 -0.000403 -0.000671 -0.003117 0.000097
-0.002186 -0.003057 0.001043 -0.001917 -0.003066 0.001208 -0.001675 -0.002998 0.001166
-0.001436 -0.002952 0.001124 -0.001208 -0.002913 0.001082 -0.001197 -0.002908 0.001081
-0.000914 -0.002793 0.001252 -0.000676 -0.002759 0.001209 -0.000174 -0.002763 0.001328
-0.000440 -0.002734 0.001165 0.000059 -0.002768 0.001283 0.000287 -0.002814 0.001237
0.000511 -0.002879 0.001188 0.000737 -0.002936 0.001140 0.000963 -0.002996 0.001092
0.001184 -0.003089 0.001043 0.001402 -0.003207 0.000993 0.001629 -0.003517 0.001123
0.001616 -0.003364 0.000940 0.001824 -0.003561 0.000885 0.001824 -0.003561 0.000885
0.002030 -0.004063 0.001025 0.002033 -0.003750 0.000831 0.002234 -0.004109 0.000845
0.003479 -0.004638 0.000053 0.003668 -0.004697 -0.000204 0.003559 -0.004409 -0.000595
0.003367 -0.004087 -0.000968 0.003396 -0.004144 -0.000761 0.003125 -0.003865 -0.001122
0.002926 -0.003882 -0.000868 0.003152 -0.003939 -0.000916 0.002899 -0.003807 -0.001074
0.002880 -0.003674 -0.001277 0.002901 -0.003815 -0.001057 0.002494 -0.003904 -0.000570
0.001963 -0.003545 -0.001092 0.001093 -0.003341 -0.000692 0.002236 -0.003987 0.000774
0.002423 -0.004067 0.000516 0.003047 -0.004292 0.000105 0.003256 -0.004273 -0.000093
0.002831 -0.004245 0.000215 0.002617 -0.004197 0.000342 -0.002213 -0.002986 0.000837
-0.001749 -0.003005 0.000746 -0.001556 -0.003034 0.000490 0.000896 -0.003342 -0.000438
0.000674 -0.003259 -0.000389 0.000199 -0.003038 -0.000498 -0.000341 -0.003110 0.000034
-0.000201 -0.003091 0.000009 -0.000399 -0.003102 0.000263 -0.001946 -0.003003 0.001001
-0.000957 -0.002848 0.001039 -0.000721 -0.002827 0.000995 -0.000205 -0.002718 0.001121
-0.000486 -0.002814 0.000951 0.000257 -0.002766 0.001034 0.000480 -0.002840 0.000980
0.000264 -0.002769 0.001027 0.000703 -0.002921 0.000932 0.000925 -0.003002 0.000883
0.001146 -0.003104 0.000833 0.001363 -0.003227 0.000782 0.001791 -0.003532 0.000677
0.001824 -0.003561 0.000885 0.002005 -0.003679 0.000625 0.001832 -0.003567 0.000666
0.003465 -0.004466 -0.000148 0.003445 -0.004330 -0.000351 0.003423 -0.004217 -0.000555
0.003180 -0.004006 -0.000710 0.002955 -0.003943 -0.000662 0.002986 -0.003990 -0.000454
0.003015 -0.004047 -0.000247 0.000928 -0.003379 -0.000230 0.001342 -0.003506 -0.000536
0.002787 -0.004005 -0.000200 0.001707 -0.003617 0.000253 0.002589 -0.004016 0.000054
0.001328 -0.003475 -0.000636 0.001117 -0.003429 -0.000493 0.002217 -0.003846 0.000571
0.002184 -0.003823 0.000363 0.002397 -0.003976 0.000310 0.002612 -0.004122 0.000258
0.003040 -0.004137 -0.000042 0.002831 -0.004234 0.000208 0.003237 -0.004136 -0.000296
0.000296 -0.003134 0.000127 0.000450 -0.003184 -0.000340 -0.000162 -0.003068 0.000220
0.000610 -0.003077 0.000504 -0.000249 -0.002782 0.000908 0.000211 -0.002756 0.001038
0.000387 -0.002996 0.000553 0.000255 -0.002767 0.001026 0.001968 -0.003687 0.000415
0.003209 -0.004063 -0.000503
        </DataArray>
      </Points>
      <Polys>
        <DataArray type="Int32" Name="connectivity" format="ascii">
2 1 0 0 3 2 0 1 4 5 3 0 5 0 4 1 2 6
4 1 7 7 1 6 2 9 8 8 10 2 2 3 9 11 6 2
10 11 2 3 13 12 14 13 3 14 3 5 12 9 3 15 5 4
15 4 7 5 15 16 5 17 14 18 17 5 16 18 5 11 19 6
20 6 19 7 6 21 21 6 20 21 15 7 22 8 9 23 8 22
23 24 8 10 8 24 25 9 12 22 9 25 11 10 26 10 24 27
27 28 10 10 28 29 10 29 26 26 19 11 30 12 13 25 12 30
32 13 31 30 13 32 14 31 13 17 31 14 33 15 21 34 16 15
34 15 33 18 16 35 35 16 34 37 36 17 17 36 31 37 17 18
38 18 35 18 38 37 29 19 26 20 19 29 20 39 33 39 20 40
33 21 20 28 20 29 20 28 40 41 22 25 22 41 42 42 23 22
43 24 23 42 44 23 23 44 43 43 45 24 27 24 45 46 25 30
25 46 41 45 47 27 48 27 47 28 27 48 49 28 48 40 28 49
30 32 50 30 50 46 32 31 51 51 31 36 50 32 52 32 51 52
53 33 39 33 53 34 53 54 34 55 35 34 55 34 54 35 56 38
35 55 56 57 36 37 51 36 57 37 58 57 59 58 37 38 59 37
60 38 56 60 59 38 39 40 61 61 62 39 53 39 62 61 40 49
63 42 41 64 63 41 41 46 64 65 44 42 63 65 42 66 45 43
66 43 65 65 43 44 66 67 45 67 47 45 46 50 68 46 68 64
67 69 47 70 47 69 48 47 70 71 48 70 49 48 71 72 49 71
61 49 72 68 50 73 52 73 50 57 58 51 52 51 58 74 73 52
52 58 74 76 75 53 53 62 76 75 54 53 54 78 77 77 55 54
54 75 78 79 56 55 55 77 79 56 80 60 79 80 56 74 58 81
59 81 58 82 81 59 60 82 59 84 83 60 60 80 84 83 82 60
61 85 62 86 61 72 61 86 85 85 76 62 63 87 65 63 64 88
87 63 89 89 63 88 64 91 90 64 68 92 64 93 91 64 92 93
88 64 90 65 95 94 67 66 65 96 65 94 96 67 65 87 95 65
97 69 67 97 67 96 68 73 98 68 98 92 99 69 97 99 70 69
70 100 71 70 99 101 100 70 101 100 72 71 102 72 100 102 86 72
74 98 73 74 104 103 103 98 74 104 74 81 75 76 105 75 105 78
105 76 106 76 85 106 78 107 77 107 79 77 105 108 78 109 107 78
110 78 108 110 109 78 111 79 107 80 79 112 79 111 112 113 84 80
112 113 80 114 81 82 81 114 104 83 114 82 84 115 83 115 114 83
116 115 84 113 116 84 117 106 85 85 86 118 118 117 85 86 102 118
95 87 119 119 87 89 120 88 90 120 89 88 121 89 120 119 89 122
89 121 122 123 90 91 90 124 120 125 90 123 90 125 124 127 126 91
91 93 127 91 126 123 103 92 98 92 103 128 128 129 92 92 129 93
93 129 127 95 119 94 130 96 94 130 94 119 96 131 99 96 132 131
96 99 97 96 130 132 131 101 99 100 101 133 134 102 100 133 134 100
136 135 101 101 131 136 135 133 101 134 118 102 103 104 137 137 138 103
138 128 103 140 139 104 140 104 114 104 139 137 142 141 105 105 106 142
143 108 105 141 143 105 117 142 106 107 144 111 144 107 109 110 108 143
145 109 110 145 144 109 146 110 143 147 110 146 145 110 147 148 111 145
148 112 111 111 144 145 148 149 112 113 112 149 113 150 116 113 152 151
149 152 113 113 151 153 153 150 113 114 154 140 154 114 115 154 115 116
116 155 154 150 155 116 117 118 156 157 142 117 156 157 117 158 156 118
118 134 159 158 118 159 130 119 160 160 119 161 119 122 161 121 120 162
120 163 162 164 163 120 124 164 120 165 122 121 121 162 165 161 122 166
122 165 167 168 166 122 122 167 169 169 168 122 123 170 125 126 171 123
170 123 171 124 173 172 164 124 172 125 173 124 170 174 125 125 175 173
125 174 175 176 126 127 171 126 176 176 127 129 129 128 176 176 128 138
160 177 130 177 132 130 178 136 131 178 131 132 132 177 178 159 134 133
133 135 179 159 133 179 136 178 135 178 180 135 180 181 135 181 179 135
138 137 182 183 137 139 183 182 137 138 182 176 183 139 140 140 184 183
155 140 154 140 155 184 185 141 142 185 186 141 141 186 187 141 187 188
146 143 141 141 188 146 142 189 185 142 157 189 148 145 190 190 145 147
188 191 146 147 146 191 192 147 191 193 190 147 147 192 193 194 149 148
194 148 190 149 194 195 149 196 152 195 196 149 155 150 153 152 197 151
184 153 151 198 184 151 199 198 151 151 197 199 196 197 152 184 155 153
201 200 156 200 157 156 202 156 158 201 156 203 203 156 202 189 157 204
157 200 204 158 159 205 202 158 205 159 179 205 206 180 160 180 177 160
160 208 207 160 207 206 208 160 209 209 160 161 161 166 209 165 162 167
210 162 163 210 167 162 210 163 164 172 211 164 212 164 211 164 212 210
213 209 166 214 213 166 214 166 168 169 167 215 216 215 167 216 167 217
217 167 218 210 218 167 168 169 219 168 219 220 220 221 168 168 221 214
215 219 169 222 170 171 222 223 170 174 170 223 171 225 224 176 225 171
222 171 224 172 173 226 172 226 227 228 172 227 211 172 229 228 229 172
173 175 230 230 226 173 223 231 174 174 231 232 174 232 175 234 233 175
175 232 234 230 175 233 176 182 225 180 178 177 236 235 179 179 181 236
235 205 179 180 206 181 207 181 206 207 236 181 237 182 183 225 182 237
184 237 183 184 238 237 198 238 184 185 189 204 240 239 185 185 239 186
204 240 185 186 241 187 239 241 186 242 188 187 187 241 242 188 242 191
190 244 243 243 194 190 190 245 244 246 245 190 193 246 190 247 192 191
191 242 247 192 247 248 193 192 249 249 192 248 246 193 250 250 193 251
252 251 193 252 193 249 253 194 243 194 253 195 195 254 196 195 255 254
255 195 253 256 197 196 256 196 254 197 256 257 199 197 257 198 199 257
257 258 198 198 259 238 260 259 198 261 260 198 198 258 261 262 200 201
204 200 262 203 262 201 263 202 205 263 203 202 203 263 264 262 203 265
264 265 203 240 204 262 205 266 263 205 235 266 208 267 207 207 267 236
208 268 267 268 208 209 268 209 269 209 213 269 218 210 270 270 210 212
211 271 212 271 211 229 212 271 270 269 213 272 213 214 273 274 272 213
274 213 273 221 273 214 219 215 275 215 276 275 276 215 216 276 216 277
278 277 216 278 216 217 218 279 217 278 217 279 280 279 218 280 218 281
281 218 270 275 220 219 220 275 282 282 221 220 273 221 283 282 283 221
259 222 284 222 259 285 224 284 222 223 222 285 223 285 286 287 231 223
287 223 286 224 225 284 284 225 237 226 288 227 226 230 288 290 227 289
227 290 228 289 227 288 229 228 271 271 228 291 291 228 290 292 230 233
292 288 230 293 231 287 232 231 293 232 293 234 233 234 294 233 294 292
234 293 295 296 294 234 234 297 296 297 234 295 236 267 235 267 298 235
298 299 235 266 235 299 237 238 284 284 238 259 239 240 300 301 239 300
301 241 239 300 240 302 302 240 303 240 262 303 241 304 242 304 241 301
242 304 247 243 244 305 305 253 243 245 305 244 307 306 245 306 305 245
307 245 246 250 307 246 247 304 248 248 308 249 309 248 304 310 248 309
248 310 308 249 308 311 312 252 249 311 312 249 250 313 307 250 314 313
251 315 250 250 315 314 252 316 251 317 251 316 318 315 251 251 317 318
252 312 319 319 316 252 305 320 253 253 321 255 322 321 253 320 322 253
254 323 256 324 323 254 254 255 324 255 325 324 321 325 255 323 257 256
323 258 257 260 258 286 286 258 326 326 258 323 260 261 258 285 259 260
285 260 286 262 265 303 263 327 264 327 263 266 265 264 328 328 264 327
265 330 329 328 330 265 303 265 331 331 265 329 332 266 299 327 266 332
298 267 268 269 298 268 269 333 298 269 272 333 335 334 270 270 336 281
336 270 337 338 270 271 270 338 339 339 335 270 337 270 334 271 291 338
340 333 272 272 274 340 274 273 341 273 283 341 340 274 332 342 274 341
332 274 343 342 343 274 275 277 344 344 345 275 345 282 275 275 276 277
346 277 278 346 344 277 279 280 278 347 346 278 278 280 347 281 348 280
349 347 280 280 350 349 350 280 348 348 281 336 282 345 351 283 282 351
341 283 352 283 351 352 353 286 326 354 286 353 286 354 287 354 355 287
293 287 355 288 356 289 288 292 357 359 288 358 357 358 288 356 288 359
289 339 290 335 339 289 289 360 335 360 289 356 339 291 290 339 338 291
361 357 292 294 361 292 293 355 362 295 293 362 363 294 296 363 361 294
362 364 295 297 295 364 366 365 296 296 297 366 367 296 365 367 363 296
368 366 297 297 364 368 299 298 333 332 299 333 300 309 304 370 369 300
300 304 301 300 371 309 372 371 300 300 369 372 370 300 302 302 303 370
370 303 331 320 305 306 307 313 306 306 313 320 374 373 308 375 311 308
373 375 308 308 310 374 309 371 376 309 376 377 310 309 377 377 378 310
310 378 374 312 311 375 379 312 375 380 319 312 380 312 379 313 381 320
381 313 314 314 382 381 383 382 314 314 315 383 318 383 315 316 319 317
380 384 317 317 319 380 318 317 384 318 385 383 384 385 318 386 322 320
387 386 320 320 381 387 388 325 321 389 321 322 388 321 389 389 322 386
323 324 326 326 324 325 326 325 388 353 326 390 326 388 390 327 343 328
343 327 332 328 343 330 330 391 329 331 329 392 392 329 391 343 342 330
330 342 393 393 391 330 394 331 392 331 394 370 333 340 332 334 335 360
334 395 337 395 334 360 337 396 336 336 397 348 336 396 397 396 337 395
398 342 341 398 341 352 393 342 398 351 345 344 398 344 346 398 351 344
347 398 346 400 347 399 398 347 400 401 399 347 347 349 401 397 350 348
403 402 349 401 349 402 404 403 349 350 404 349 350 405 404 405 350 397
352 351 398 390 406 353 406 354 353 364 354 406 355 354 364 362 355 364
359 407 356 356 408 360 408 356 407 357 361 409 357 409 358 359 358 410
358 409 411 358 411 412 358 412 410 359 410 413 359 413 407 414 395 360
415 360 408 414 360 415 416 361 363 416 409 361 416 363 417 418 417 363
363 367 418 406 419 364 368 364 419 365 366 420 421 365 420 365 421 422
365 422 367 368 420 366 423 418 367 367 422 423 420 368 419 370 394 369
369 394 424 369 425 372 369 424 425 426 376 371 371 372 427 427 426 371
428 372 425 427 372 428 429 373 374 430 375 373 431 373 429 430 373 431
432 374 378 374 432 433 429 374 433 434 379 375 375 435 434 430 435 375
436 377 376 376 426 436 436 437 377 377 437 438 378 377 438 438 432 378
380 379 434 384 380 439 434 440 380 380 440 441 380 441 439 381 382 387
442 387 382 442 382 385 383 385 382 439 443 384 443 444 384 384 444 385
442 385 445 385 444 445 386 446 389 442 446 386 387 442 386 389 390 388
446 390 389 447 390 446 390 447 406 392 391 448 449 391 393 448 391 449
448 450 392 394 392 424 424 392 450 451 393 398 393 451 449 395 452 396
452 395 414 453 396 452 397 396 453 405 397 454 456 455 397 397 453 456
397 455 454 400 457 398 451 398 457 458 400 399 399 459 458 460 459 399
399 401 460 400 461 457 461 400 458 401 402 460 403 462 402 463 402 462
463 460 402 462 403 464 403 404 465 465 464 403 404 405 465 466 465 405
454 466 405 419 406 447 407 413 467 469 407 468 407 467 468 470 407 469
407 470 408 471 408 470 471 415 408 472 409 416 472 411 409 473 410 412
473 413 410 474 411 472 411 474 412 412 474 473 473 467 413 475 414 415
476 452 414 476 414 475 477 475 415 415 471 477 417 478 416 472 416 478
479 417 418 417 479 478 418 423 480 418 480 479 420 419 481 419 445 444
447 445 419 419 444 482 482 481 419 420 481 421 481 441 421 421 441 422
422 441 440 440 423 422 423 440 483 423 484 480 483 484 423 424 450 485
486 424 485 487 424 486 425 424 487 425 487 428 427 436 426 436 427 488
427 428 488 428 487 489 428 490 488 489 490 428 492 429 491 429 433 491
492 431 429 493 430 492 493 494 430 431 492 430 494 435 430 495 432 438
433 432 495 491 433 495 483 440 434 434 484 483 484 434 435 484 435 494
497 436 496 436 497 437 436 488 496 438 437 497 497 498 438 495 438 498
439 441 443 443 441 481 442 447 446 445 447 442 482 443 481 443 482 444
450 448 499 448 449 499 499 449 451 485 450 499 501 500 451 451 500 499
457 501 451 453 452 476 502 453 476 456 453 503 503 453 502 454 504 466
504 454 505 454 455 506 505 454 506 456 507 455 507 506 455 508 507 456
508 456 503 457 461 509 457 509 501 510 490 458 458 459 510 489 458 490
461 458 489 463 510 459 459 460 463 489 487 461 461 487 486 461 486 509
462 512 511 511 463 462 512 462 464 496 463 513 463 496 510 513 463 511
512 464 465 465 466 512 514 512 466 466 504 514 473 515 467 467 515 468
469 468 516 518 517 468 468 515 518 520 519 468 468 517 520 516 468 519
469 516 521 521 470 469 470 521 471 471 521 522 471 523 477 471 522 523
524 474 472 472 478 524 474 525 473 473 525 515 524 525 474 527 475 526
526 475 477 527 476 475 502 476 527 477 523 528 529 477 528 531 530 477
477 530 526 477 529 531 532 478 479 532 533 478 535 534 478 478 534 524
478 533 535 536 479 480 479 536 532 494 536 480 494 480 484 485 499 486
486 499 500 500 509 486 488 510 496 510 488 490 491 537 492 495 537 491
492 539 538 539 492 540 540 492 541 542 493 492 537 541 492 538 542 492
493 536 494 493 543 536 542 543 493 495 545 544 495 498 545 544 537 495
497 496 513 498 497 513 545 498 511 511 498 513 501 509 500 502 546 503
548 502 547 502 527 549 546 502 548 547 502 549 508 503 546 550 504 505
550 514 504 552 551 505 505 507 552 553 550 505 553 505 551 505 506 507
507 508 552 546 548 508 508 555 554 554 552 508 555 508 548 545 511 512
544 512 514 512 544 545 544 514 556 550 556 514 557 515 534 557 518 515
534 515 525 559 558 516 558 560 516 519 559 516 521 516 560 518 557 517
562 517 561 517 557 561 562 520 517 519 520 563 564 519 563 559 519 564
563 520 562 560 522 521 565 523 522 522 560 565 528 523 565 525 524 534
549 527 526 526 566 549 567 526 530 566 526 567 565 568 528 528 568 529
570 569 529 571 570 529 529 568 571 529 573 572 529 569 574 572 531 529
574 573 529 530 531 575 575 576 530 576 567 530 531 572 577 577 578 531
576 575 531 531 578 576 533 532 579 543 532 536 543 579 532 579 580 533
580 581 533 533 581 535 582 534 535 534 582 583 557 534 583 581 582 535
537 544 556 537 556 584 541 537 585 585 537 584 586 538 539 538 586 587
538 587 542 589 588 539 540 589 539 539 588 590 539 591 586 590 591 539
589 540 541 541 592 589 541 585 592 542 587 543 543 580 579 587 580 543
547 593 548 549 593 547 594 555 548 594 548 593 549 566 595 593 549 595
556 550 553 552 596 551 553 551 597 596 598 551 598 597 551 552 554 596
553 599 556 600 599 553 600 553 597 555 601 554 596 554 602 554 601 602
594 601 555 584 556 599 603 561 557 583 604 557 604 603 557 559 605 558
606 558 605 560 558 606 564 607 559 559 609 608 609 559 610 559 607 610
559 608 605 565 560 606 611 562 561 561 612 611 561 613 612 561 603 613
614 563 562 562 611 614 615 563 614 563 615 564 564 616 607 616 564 617
615 617 564 565 619 618 620 619 565 565 618 568 606 620 565 566 567 621
566 621 622 595 566 622 621 567 576 568 618 623 568 623 571 570 624 569
569 625 574 625 569 624 571 626 570 626 627 570 570 627 628 570 628 624
626 571 623 573 629 572 577 572 629 629 573 630 574 630 573 625 631 574
631 632 574 574 632 630 578 633 576 635 576 634 576 636 621 576 637 634
576 633 638 637 576 638 636 576 635 577 639 578 577 640 639 629 640 577
578 639 641 578 641 633 586 581 580 580 587 586 642 582 581 586 643 581
643 642 581 582 644 583 644 582 642 645 583 644 645 604 583 600 584 599
646 584 600 646 585 584 592 585 646 643 586 591 589 592 588 647 588 592
590 588 647 591 590 648 590 649 648 590 650 649 651 590 647 651 650 590
591 652 643 654 653 591 652 591 653 648 654 591 655 647 592 656 592 646
655 592 656 593 595 594 658 657 594 659 601 594 659 594 657 595 660 594
658 594 661 662 661 594 594 660 662 664 663 595 595 622 636 595 666 665
595 663 660 666 595 636 664 595 665 596 667 598 659 667 596 596 602 659
597 668 600 667 669 597 597 598 667 671 670 597 670 668 597 671 597 669
600 672 646 672 600 668 602 601 659 674 603 673 674 613 603 603 604 645
603 645 673 676 605 675 605 676 677 675 605 608 677 678 605 678 606 605
606 679 620 678 679 606 681 607 680 680 607 616 610 607 681 608 609 682
683 608 682 608 683 675 684 609 610 682 609 684 610 685 684 681 685 610
611 612 614 614 612 686 688 687 612 612 613 688 686 612 687 613 674 688
614 690 689 686 690 614 614 691 615 614 689 691 691 617 615 617 692 616
680 616 693 693 616 692 694 617 691 617 694 695 617 695 692 619 696 618
618 696 697 618 697 698 618 698 623 620 699 619 699 696 619 679 700 620
700 699 620 621 636 622 623 698 626 624 701 625 628 702 624 624 702 701
703 625 701 703 631 625 698 704 626 626 704 627 627 706 705 704 706 627
705 628 627 702 628 705 630 707 629 629 707 640 632 708 630 630 708 707
632 631 703 703 708 632 633 641 709 633 709 638 634 710 635 710 634 637
711 666 635 666 636 635 635 710 712 711 635 712 714 637 713 637 714 710
638 713 637 638 709 713 716 715 639 641 639 715 716 639 640 716 640 717
640 707 717 715 718 641 709 641 718 644 642 643 643 652 719 643 719 644
644 719 645 719 673 645 656 646 672 647 655 651 720 654 648 648 721 720
648 649 721 649 723 722 722 724 649 649 724 721 723 649 725 725 649 650
726 650 651 725 650 727 728 727 650 650 726 728 729 651 655 726 651 730
651 729 730 652 673 719 653 673 652 731 673 653 731 653 654 720 731 654
656 732 655 729 655 732 672 733 656 733 732 656 734 657 658 657 736 735
657 735 659 736 657 737 737 657 734 658 661 738 658 738 739 740 658 739
740 734 658 667 659 735 660 741 662 660 663 742 743 660 742 743 741 660
661 744 738 662 744 661 741 744 662 664 742 663 665 745 664 743 742 664
743 664 746 746 664 745 665 666 711 747 745 665 665 711 747 669 667 748
735 748 667 668 670 672 671 669 749 748 750 669 750 749 669 751 670 671
751 672 670 671 752 751 671 749 752 733 672 751 674 673 731 753 674 731
688 674 753 675 754 676 675 683 754 676 754 755 676 755 756 676 756 677
677 756 678 755 757 678 678 756 755 758 678 757 678 758 679 700 679 758
681 680 685 760 759 680 680 693 760 685 680 759 682 761 683 682 684 762
761 682 762 761 763 683 754 683 763 685 764 684 762 684 764 766 765 685
765 767 685 685 768 766 764 685 767 759 768 685 686 687 769 690 686 769
770 687 688 769 687 771 771 687 770 753 770 688 690 772 689 773 689 772
689 694 691 773 694 689 774 690 769 772 690 774 693 692 695 693 775 760
775 693 776 776 693 777 777 693 695 778 695 694 694 773 778 777 695 778
780 696 779 779 696 699 780 697 696 704 698 697 706 697 780 704 697 706
781 699 700 781 779 699 758 781 700 702 782 701 703 701 782 783 702 705
783 782 702 782 708 703 705 706 784 784 783 705 706 785 784 706 780 785
707 708 786 707 787 717 707 786 787 786 708 782 788 713 709 788 709 789
718 789 709 710 714 790 710 790 712 747 711 791 791 711 712 712 792 791
712 790 792 714 713 788 794 793 714 714 793 790 714 788 794 716 795 715
715 795 796 715 796 718 717 797 716 716 797 795 717 798 797 787 798 717
718 796 799 718 799 789 731 720 753 720 800 753 720 721 801 801 800 720
801 721 724 723 802 722 722 802 724 802 723 803 723 725 803 803 801 724
803 724 802 725 804 803 804 725 805 725 727 805 728 726 730 805 727 728
805 728 804 728 807 806 807 728 730 804 728 806 808 730 729 729 732 809
729 809 808 810 730 808 730 811 807 811 730 810 809 732 733 812 733 751
809 733 812 813 737 734 734 814 813 816 734 815 734 816 814 740 815 734
735 736 750 735 750 748 736 817 750 817 736 818 736 737 819 819 818 736
737 813 820 737 820 819 739 738 744 821 740 739 739 822 821 739 823 822
823 739 744 740 821 815 825 824 741 741 743 825 744 741 824 827 826 743
743 826 825 827 743 746 824 823 744 747 746 745 827 746 828 747 828 746
791 829 747 829 830 747 831 747 830 747 831 828 749 833 832 833 749 750
752 749 832 750 817 833 752 812 751 835 834 752 834 812 752 832 836 752
752 836 837 838 835 752 837 838 752 753 800 770 839 754 763 839 755 754
757 755 839 758 757 840 757 839 840 840 841 758 758 841 781 842 759 760
768 759 842 842 760 843 843 760 775 845 844 761 762 845 761 763 761 846
846 761 844 847 762 764 848 762 847 845 762 848 849 763 846 849 839 763
847 764 767 765 766 850 765 850 851 851 852 765 765 853 767 853 765 852
768 850 766 848 767 853 847 767 848 850 768 854 842 854 768 774 769 771
774 771 770 770 855 774 855 770 856 856 770 800 858 772 857 859 857 772
859 772 774 772 858 860 860 773 772 861 778 773 861 773 860 859 774 855
775 776 862 775 863 843 862 864 775 775 864 863 862 776 865 865 776 777
861 777 778 865 777 866 866 777 861 780 779 841 779 781 841 841 867 780
780 867 785 782 783 868 868 786 782 784 869 783 868 783 869 870 869 784
872 871 784 784 785 872 784 871 870 867 873 785 785 873 874 785 875 872
785 874 875 787 786 876 868 876 786 787 877 798 876 877 787 789 878 788
788 878 794 789 799 879 789 879 878 790 793 792 880 791 792 791 880 829
880 792 881 792 793 881 793 794 882 883 881 793 882 883 793 878 884 794
794 884 885 882 794 885 796 795 886 795 797 887 886 795 887 799 796 888
888 796 886 890 889 797 889 887 797 797 798 890 798 877 891 798 891 890
892 799 888 879 799 892 893 800 801 856 800 893 893 801 803 803 804 894
896 895 803 803 895 893 894 897 803 896 803 897 898 894 804 806 899 804
804 900 898 900 804 899 901 806 807 902 899 806 806 901 902 903 807 811
903 904 807 901 807 904 809 812 808 905 808 812 810 808 905 905 906 810
811 810 906 902 811 907 811 908 907 903 811 902 811 906 908 909 905 812
812 834 910 909 812 911 812 910 911 813 912 820 913 813 814 913 912 813
914 913 814 814 816 914 815 915 816 915 815 821 914 816 916 816 915 917
816 917 916 817 836 833 918 817 818 836 817 918 819 820 818 918 818 919
820 919 818 919 820 912 822 920 821 821 920 915 921 822 823 822 921 920
921 823 922 823 824 922 825 923 824 824 923 922 924 923 825 825 826 924
827 925 826 925 926 826 826 926 924 925 827 927 828 927 827 828 928 927
831 929 828 828 929 928 829 931 930 930 830 829 880 932 829 829 932 931
830 933 831 830 930 933 831 933 929 833 836 832 934 834 835 834 935 910
936 834 934 935 834 936 835 838 934 837 836 918 938 937 837 837 919 938
919 837 918 937 838 837 939 838 937 934 838 939 849 840 839 840 941 940
849 942 840 840 942 941 940 841 840 940 867 841 943 854 842 843 943 842
944 943 843 863 944 843 844 845 945 844 945 946 846 844 946 945 845 848
947 849 846 846 946 947 853 948 848 945 848 948 947 949 849 849 949 942
851 850 950 950 850 854 852 851 950 948 853 852 852 950 951 948 852 952
952 852 951 943 950 854 859 855 895 895 855 856 893 895 856 858 857 953
953 857 954 955 857 859 956 857 955 954 857 956 953 866 858 858 866 860
895 955 859 866 861 860 862 958 957 862 865 953 953 958 862 960 959 862
862 959 864 957 960 862 944 863 961 864 961 863 959 961 864 953 865 866
940 962 867 962 873 867 869 963 868 868 963 964 876 868 877 965 868 964
877 868 965 869 966 963 870 966 869 871 967 870 870 968 966 967 968 870
872 969 871 871 969 970 871 970 967 875 969 872 962 971 873 972 873 971
874 873 972 973 875 874 874 974 973 972 975 874 874 975 974 875 973 969
877 965 891 878 879 884 884 879 976 976 879 892 881 932 880 883 932 881
882 885 977 883 882 978 978 882 977 932 883 979 883 978 979 885 884 976
885 976 980 977 885 980 888 886 981 886 983 982 887 983 886 886 982 981
887 889 983 984 888 981 985 888 984 892 888 985 890 891 889 889 891 986
987 889 986 988 889 987 983 889 988 986 891 965 989 892 985 976 892 989
894 990 897 894 991 990 898 991 894 895 896 955 896 992 955 897 993 896
993 992 896 897 990 993 898 994 991 900 994 898 900 899 995 996 899 902
996 995 899 997 994 900 900 998 997 995 998 900 902 901 904 902 904 903
902 1000 999 999 996 902 1001 902 907 1001 1000 902 1002 906 905 905 909 1002
1002 1003 906 906 1004 908 906 1003 1004 907 1006 1005 907 908 1006 907 1005 1001
1006 908 1004 1003 1002 909 909 911 1003 910 1007 911 910 935 1008 910 1008 1007
1003 911 1009 1010 911 1007 1010 1009 911 912 938 919 1011 937 912 912 937 938
1012 912 913 1012 1011 912 913 914 1013 1012 913 1014 1014 913 1013 1015 1013 914
1015 914 916 1017 915 1016 920 1016 915 915 1017 1018 915 1018 917 916 1019 1015
1019 916 917 917 1018 1019 1016 920 921 1020 921 922 921 1021 1016 1021 921 1020
1020 922 923 1020 923 1022 923 924 1022 1023 924 926 1024 924 1023 1022 924 1024
927 1025 925 925 1025 926 926 1025 1026 926 1026 1023 927 928 1025 1027 928 929
1028 928 1027 1025 928 1028 929 933 1029 929 1029 1027 930 931 1030 933 930 1030
931 932 1031 931 1031 1032 1030 931 1032 979 1031 932 933 1030 1029 939 1033 934
934 1033 1034 934 1034 1035 934 1035 936 1035 1036 935 936 1035 935 935 1037 1008
1037 935 1036 937 1011 1038 1038 939 937 939 1038 1033 940 941 1039 940 1039 962
1040 941 942 1039 941 1040 942 949 1041 1042 942 1041 1040 942 1042 950 943 1043
943 944 1043 944 961 1043 1044 946 945 945 948 952 945 952 1044 946 1044 1045
946 1046 947 946 1047 1046 1045 1047 946 947 1046 949 1048 949 1046 1041 949 1048
1043 951 950 951 1043 1049 1049 1050 951 952 951 1050 1050 1044 952 953 954 958
956 958 954 956 955 992 958 956 1051 992 1051 956 957 958 1052 1054 1053 957
957 1053 960 1052 1054 957 1051 1052 958 959 960 1053 1055 961 959 1053 1055 959
1043 961 1055 962 1039 1056 1056 971 962 1057 963 966 964 963 1057 1058 964 1057
965 964 1058 965 1059 986 965 1058 1059 1060 966 968 1057 966 1060 967 970 1061
1062 967 1061 1062 968 967 1063 968 1062 968 1063 1060 970 969 973 973 1061 970
1056 1064 971 1065 971 1064 972 971 1065 975 972 1065 1066 1061 973 973 974 1066
1067 974 975 974 1067 1066 975 1065 1067 980 976 989 977 980 1068 1069 977 1068
978 977 1069 979 978 1070 1070 978 1069 1071 1031 979 1071 979 1070 980 989 1072
1068 980 1072 981 982 984 982 983 1073 984 982 1073 1073 983 988 1075 984 1074
1075 985 984 984 1073 1074 1076 985 1075 989 985 1076 986 1059 987 987 1077 988
1059 1078 987 1077 987 1078 1074 988 1077 1074 1073 988 1072 989 1076 1079 993 990
990 1080 1079 991 1080 990 994 1080 991 993 1079 992 1079 1051 992 1082 1081 994
1081 1080 994 1083 994 997 1082 994 1083 995 1084 998 995 1085 1084 1085 995 996
1086 1085 996 996 1087 1086 996 1088 1087 1090 1089 996 996 999 1090 1088 996 1089
1083 997 1091 997 1092 1091 997 1084 1092 997 998 1084 1000 1093 999 999 1094 1090
1093 1094 999 1001 1095 1000 1095 1096 1000 1096 1093 1000 1097 1095 1001 1097 1001 1098
1098 1001 1005 1099 1004 1003 1099 1003 1009 1006 1004 1099 1005 1006 1099 1005 1099 1098
1010 1007 1037 1007 1008 1037 1099 1009 1100 1101 1100 1009 1010 1101 1009 1101 1010 1037
1102 1038 1011 1103 1011 1012 1102 1011 1103 1012 1014 1103 1014 1013 1015 1103 1014 1104
1014 1105 1104 1015 1105 1014 1106 1105 1015 1015 1019 1106 1017 1016 1021 1106 1018 1017
1107 1106 1017 1017 1021 1108 1109 1107 1017 1017 1108 1109 1019 1018 1106 1020 1108 1021
1022 1110 1020 1020 1110 1111 1111 1108 1020 1022 1024 1110 1112 1024 1023 1023 1026 1113
1023 1113 1112 1114 1024 1112 1110 1024 1114 1025 1028 1026 1026 1028 1115 1026 1115 1113
1116 1028 1027 1116 1027 1117 1027 1029 1118 1027 1118 1117 1115 1028 1116 1029 1030 1119
1029 1119 1118 1030 1032 1119 1032 1031 1071 1032 1071 1070 1070 1120 1032 1121 1032 1120
1119 1032 1121 1033 1038 1122 1123 1034 1033 1033 1122 1123 1124 1034 1123 1035 1034 1124
1035 1124 1036 1036 1101 1037 1036 1124 1125 1125 1126 1036 1101 1036 1126 1127 1038 1102
1122 1038 1127 1039 1040 1056 1040 1128 1064 1064 1056 1040 1042 1129 1040 1040 1129 1128
1130 1041 1048 1042 1041 1130 1129 1042 1130 1131 1043 1055 1131 1132 1043 1043 1132 1049
1050 1133 1044 1044 1133 1134 1134 1045 1044 1047 1045 1134 1135 1046 1047 1048 1046 1135
1134 1136 1047 1135 1047 1136 1137 1048 1135 1130 1048 1137 1138 1049 1132 1050 1049 1138
1140 1139 1050 1050 1138 1140 1139 1133 1050 1052 1051 1079 1080 1141 1052 1052 1141 1054
1052 1079 1080 1053 1054 1142 1142 1055 1053 1141 1142 1054 1131 1055 1142 1143 1057 1060
1058 1057 1143 1058 1078 1059 1078 1058 1143 1143 1060 1063 1062 1061 1066 1063 1062 1066
1144 1063 1066 1143 1063 1145 1063 1144 1146 1063 1146 1145 1147 1064 1128 1064 1147 1065
1067 1065 1147 1066 1067 1144 1067 1149 1148 1148 1144 1067 1067 1147 1150 1150 1149 1067
1068 1072 1151 1151 1069 1068 1152 1069 1151 1152 1070 1069 1070 1152 1120 1072 1076 1153
1153 1151 1072 1075 1074 1077 1075 1077 1145 1153 1075 1145 1076 1075 1153 1145 1077 1143
1078 1143 1077 1080 1081 1141 1154 1141 1081 1081 1082 1154 1155 1154 1082 1157 1082 1156
1157 1155 1082 1083 1156 1082 1083 1159 1158 1091 1159 1083 1156 1083 1160 1158 1161 1083
1160 1083 1161 1084 1085 1162 1162 1092 1084 1085 1086 1162 1162 1086 1163 1163 1086 1164
1165 1164 1086 1086 1087 1165 1165 1087 1166 1087 1167 1166 1088 1167 1087 1168 1088 1089
1088 1168 1167 1090 1169 1089 1089 1170 1168 1089 1169 1170 1171 1090 1094 1090 1171 1169
1091 1173 1172 1172 1159 1091 1173 1091 1174 1092 1174 1091 1174 1092 1162 1093 1176 1175
1175 1094 1093 1093 1177 1176 1177 1093 1096 1171 1094 1175 1178 1096 1095 1097 1178 1095
1096 1179 1177 1096 1180 1179 1178 1180 1096 1098 1181 1097 1183 1182 1097 1182 1178 1097
1097 1184 1183 1181 1184 1097 1098 1099 1100 1185 1098 1100 1187 1186 1098 1186 1181 1098
1098 1188 1187 1185 1188 1098 1185 1100 1101 1189 1101 1126 1185 1101 1189 1102 1103 1127
1127 1103 1104 1190 1104 1105 1127 1104 1190 1190 1105 1191 1105 1106 1191 1106 1192 1191
1106 1107 1193 1193 1192 1106 1107 1194 1193 1107 1109 1194 1109 1108 1195 1108 1111 1195
1195 1196 1109 1194 1109 1196 1110 1197 1111 1110 1114 1197 1195 1111 1197 1198 1114 1112
1198 1112 1199 1112 1113 1200 1112 1200 1199 1113 1115 1201 1113 1201 1200 1202 1114 1198
1197 1114 1202 1115 1116 1201 1201 1116 1203 1204 1116 1117 1116 1204 1203 1117 1118 1205
1117 1205 1206 1204 1117 1206 1118 1119 1205 1119 1121 1205 1206 1120 1152 1121 1120 1206
1205 1121 1206 1123 1122 1190 1190 1122 1127 1208 1123 1207 1207 1123 1191 1208 1124 1123
1123 1190 1191 1208 1125 1124 1209 1126 1125 1210 1125 1208 1125 1210 1211 1125 1211 1209
1189 1126 1209 1147 1128 1129 1129 1130 1147 1147 1130 1137 1154 1212 1131 1142 1154 1131
1212 1132 1131 1212 1138 1132 1134 1133 1139 1134 1139 1161 1134 1161 1213 1136 1134 1213
1214 1135 1136 1137 1135 1214 1213 1214 1136 1137 1214 1215 1137 1215 1147 1212 1155 1138
1140 1138 1155 1140 1161 1139 1161 1140 1160 1140 1155 1160 1142 1141 1154 1216 1146 1144
1144 1218 1217 1148 1218 1144 1144 1217 1219 1144 1219 1216 1145 1216 1153 1145 1146 1216
1150 1147 1215 1149 1150 1148 1148 1215 1220 1218 1148 1220 1215 1148 1150 1151 1153 1216
1216 1206 1151 1206 1152 1151 1154 1155 1212 1155 1157 1160 1160 1157 1156 1221 1161 1158
1172 1158 1159 1172 1221 1158 1161 1221 1213 1162 1163 1174 1174 1163 1222 1222 1163 1223
1164 1223 1163 1224 1223 1164 1224 1164 1225 1166 1225 1164 1164 1165 1166 1225 1166 1226
1227 1226 1166 1166 1167 1227 1168 1227 1167 1228 1227 1168 1170 1228 1168 1170 1169 1229
1171 1229 1169 1230 1228 1170 1229 1230 1170 1232 1231 1171 1231 1229 1171 1171 1175 1232
1173 1222 1172 1172 1222 1221 1173 1174 1222 1176 1233 1175 1233 1232 1175 1234 1233 1176
1177 1234 1176 1235 1234 1177 1179 1235 1177 1182 1180 1178 1236 1235 1179 1180 1236 1179
1237 1236 1180 1182 1238 1180 1238 1239 1180 1180 1239 1237 1186 1184 1181 1182 1183 1238
1184 1240 1183 1183 1240 1241 1183 1241 1238 1186 1242 1184 1242 1243 1184 1184 1243 1240
1185 1189 1209 1209 1188 1185 1186 1187 1242 1187 1188 1242 1209 1244 1188 1242 1188 1244
1207 1191 1245 1245 1191 1192 1192 1246 1245 1192 1193 1246 1193 1194 1247 1247 1246 1193
1194 1196 1247 1195 1202 1248 1197 1202 1195 1195 1248 1196 1196 1248 1249 1196 1249 1247
1250 1198 1199 1252 1198 1251 1251 1198 1250 1248 1198 1252 1202 1198 1248 1250 1199 1253
1199 1200 1253 1200 1201 1254 1253 1200 1254 1203 1254 1201 1253 1254 1203 1251 1255 1203
1203 1256 1251 1203 1255 1253 1257 1256 1203 1257 1203 1204 1257 1204 1206 1206 1216 1258
1206 1258 1257 1210 1208 1207 1245 1210 1207 1260 1259 1209 1209 1259 1244 1209 1211 1260
1262 1261 1210 1262 1210 1245 1261 1211 1210 1264 1211 1263 1211 1264 1260 1261 1263 1211
1215 1213 1265 1215 1214 1213 1213 1221 1265 1267 1215 1266 1220 1215 1267 1266 1215 1265
1269 1268 1216 1216 1219 1270 1269 1216 1270 1268 1258 1216 1271 1217 1218 1271 1272 1217
1219 1217 1272 1218 1220 1271 1270 1219 1272 1273 1220 1267 1220 1273 1271 1274 1265 1221
1221 1222 1274 1223 1274 1222 1267 1223 1224 1267 1266 1223 1274 1223 1266 1267 1224 1225
1267 1225 1226 1226 1275 1267 1275 1226 1227 1228 1275 1227 1276 1275 1228 1230 1276 1228
1277 1230 1229 1231 1277 1229 1278 1276 1230 1277 1278 1230 1231 1232 1279 1279 1277 1231
1233 1280 1232 1232 1280 1281 1232 1281 1279 1234 1280 1233 1282 1280 1234 1235 1282 1234
1283 1282 1235 1236 1283 1235 1284 1283 1236 1237 1284 1236 1285 1284 1237 1239 1285 1237
1241 1239 1238 1285 1239 1286 1241 1287 1239 1287 1286 1239 1241 1240 1287 1243 1288 1240
1240 1288 1289 1240 1289 1287 1244 1259 1242 1242 1259 1243 1259 1288 1243 1245 1246 1290
1245 1290 1262 1291 1246 1247 1290 1246 1291 1247 1292 1291 1247 1249 1292 1248 1252 1249
1249 1252 1293 1249 1293 1292 1251 1250 1255 1250 1253 1255 1252 1251 1293 1256 1294 1251
1293 1251 1294 1256 1296 1295 1298 1297 1256 1299 1296 1256 1295 1294 1256 1256 1297 1300
1298 1256 1257 1301 1299 1256 1256 1300 1301 1257 1302 1298 1258 1302 1257 1258 1303 1302
1303 1258 1268 1259 1260 1304 1304 1288 1259 1260 1305 1304 1306 1305 1260 1264 1307 1260
1260 1307 1306 1261 1262 1308 1261 1309 1263 1261 1308 1309 1290 1291 1262 1262 1296 1308
1310 1296 1262 1262 1291 1310 1263 1309 1264 1264 1309 1307 1265 1274 1266 1275 1273 1267
1268 1269 1297 1298 1303 1268 1298 1268 1297 1269 1312 1311 1311 1297 1269 1270 1312 1269
1312 1270 1272 1271 1313 1272 1313 1271 1273 1311 1272 1314 1314 1272 1313 1312 1272 1311
1278 1315 1273 1276 1278 1273 1273 1275 1276 1313 1273 1315 1315 1278 1277 1315 1277 1316
1279 1316 1277 1316 1279 1281 1280 1317 1313 1280 1313 1315 1318 1280 1315 1317 1280 1282
1280 1318 1281 1281 1318 1316 1282 1314 1317 1314 1282 1283 1314 1283 1284 1314 1284 1285
1285 1286 1300 1285 1300 1314 1300 1286 1289 1289 1286 1287 1288 1319 1300 1289 1288 1300
1304 1319 1288 1291 1320 1310 1292 1320 1291 1292 1293 1320 1293 1294 1320 1320 1294 1295
1310 1295 1296 1320 1295 1310 1296 1299 1308 1314 1300 1297 1297 1311 1314 1303 1298 1302
1301 1308 1299 1300 1319 1305 1301 1300 1305 1305 1306 1301 1306 1307 1301 1309 1301 1307
1301 1309 1308 1305 1319 1304 1313 1317 1314 1315 1316 1318
        </DataArray>
        <DataArray type="Int32" Name="offsets" format="ascii">
3 6 9 12 15 18 21 24 27 30 33 36 39 42 45 48 51 54
57 60 63 66 69 72 75 78 81 84 87 90 93 96 99 102 105 108
111 114 117 120 123 126 129 132 135 138 141 144 147 150 153 156 159 162
165 168 171 174 177 180 183 186 189 192 195 198 201 204 207 210 213 216
219 222 225 228 231 234 237 240 243 246 249 252 255 258 261 264 267 270
273 276 279 282 285 288 291 294 297 300 303 306 309 312 315 318 321 324
327 330 333 336 339 342 345 348 351 354 357 360 363 366 369 372 375 378
381 384 387 390 393 396 399 402 405 408 411 414 417 420 423 426 429 432
435 438 441 444 447 450 453 456 459 462 465 468 471 474 477 480 483 486
489 492 495 498 501 504 507 510 513 516 519 522 525 528 531 534 537 540
543 546 549 552 555 558 561 564 567 570 573 576 579 582 585 588 591 594
597 600 603 606 609 612 615 618 621 624 627 630 633 636 639 642 645 648
651 654 657 660 663 666 669 672 675 678 681 684 687 690 693 696 699 702
705 708 711 714 717 720 723 726 729 732 735 738 741 744 747 750 753 756
759 762 765 768 771 774 777 780 783 786 789 792 795 798 801 804 807 810
813 816 819 822 825 828 831 834 837 840 843 846 849 852 855 858 861 864
867 870 873 876 879 882 885 888 891 894 897 900 903 906 909 912 915 918
921 924 927 930 933 936 939 942 945 948 951 954 957 960 963 966 969 972
975 978 981 984 987 990 993 996 999 1002 1005 1008 1011 1014 1017 1020 1023 1026
1029 1032 1035 1038 1041 1044 1047 1050 1053 1056 1059 1062 1065 1068 1071 1074 1077 1080
1083 1086 1089 1092 1095 1098 1101 1104 1107 1110 1113 1116 1119 1122 1125 1128 1131 1134
1137 1140 1143 1146 1149 1152 1155 1158 1161 1164 1167 1170 1173 1176 1179 1182 1185 1188
1191 1194 1197 1200 1203 1206 1209 1212 1215 1218 1221 1224 1227 1230 1233 1236 1239 1242
1245 1248 1251 1254 1257 1260 1263 1266 1269 1272 1275 1278 1281 1284 1287 1290 1293 1296
1299 1302 1305 1308 1311 1314 1317 1320 1323 1326 1329 1332 1335 1338 1341 1344 1347 1350
1353 1356 1359 1362 1365 1368 1371 1374 1377 1380 1383 1386 1389 1392 1395 1398 1401 1404
1407 1410 1413 1416 1419 1422 1425 1428 1431 1434 1437 1440 1443 1446 1449 1452 1455 1458
1461 1464 1467 1470 1473 1476 1479 1482 1485 1488 1491 1494 1497 1500 1503 1506 1509 1512
1515 1518 1521 1524 1527 1530 1533 1536 1539 1542 1545 1548 1551 1554 1557 1560 1563 1566
1569 1572 1575 1578 1581 1584 1587 1590 1593 1596 1599 1602 1605 1608 1611 1614 1617 1620
1623 1626 1629 1632 1635 1638 1641 1644 1647 1650 1653 1656 1659 1662 1665 1668 1671 1674
1677 1680 1683 1686 1689 1692 1695 1698 1701 1704 1707 1710 1713 1716 1719 1722 1725 1728
1731 1734 1737 1740 1743 1746 1749 1752 1755 1758 1761 1764 1767 1770 1773 1776 1779 1782
1785 1788 1791 1794 1797 1800 1803 1806 1809 1812 1815 1818 1821 1824 1827 1830 1833 1836
1839 1842 1845 1848 1851 1854 1857 1860 1863 1866 1869 1872 1875 1878 1881 1884 1887 1890
1893 1896 1899 1902 1905 1908 1911 1914 1917 1920 1923 1926 1929 1932 1935 1938 1941 1944
1947 1950 1953 1956 1959 1962 1965 1968 1971 1974 1977 1980 1983 1986 1989 1992 1995 1998
2001 2004 2007 2010 2013 2016 2019 2022 2025 2028 2031 2034 2037 2040 2043 2046 2049 2052
2055 2058 2061 2064 2067 2070 2073 2076 2079 2082 2085 2088 2091 2094 2097 2100 2103 2106
2109 2112 2115 2118 2121 2124 2127 2130 2133 2136 2139 2142 2145 2148 2151 2154 2157 2160
2163 2166 2169 2172 2175 2178 2181 2184 2187 2190 2193 2196 2199 2202 2205 2208 2211 2214
2217 2220 2223 2226 2229 2232 2235 2238 2241 2244 2247 2250 2253 2256 2259 2262 2265 2268
2271 2274 2277 2280 2283 2286 2289 2292 2295 2298 2301 2304 2307 2310 2313 2316 2319 2322
2325 2328 2331 2334 2337 2340 2343 2346 2349 2352 2355 2358 2361 2364 2367 2370 2373 2376
2379 2382 2385 2388 2391 2394 2397 2400 2403 2406 2409 2412 2415 2418 2421 2424 2427 2430
2433 2436 2439 2442 2445 2448 2451 2454 2457 2460 2463 2466 2469 2472 2475 2478 2481 2484
2487 2490 2493 2496 2499 2502 2505 2508 2511 2514 2517 2520 2523 2526 2529 2532 2535 2538
2541 2544 2547 2550 2553 2556 2559 2562 2565 2568 2571 2574 2577 2580 2583 2586 2589 2592
2595 2598 2601 2604 2607 2610 2613 2616 2619 2622 2625 2628 2631 2634 2637 2640 2643 2646
2649 2652 2655 2658 2661 2664 2667 2670 2673 2676 2679 2682 2685 2688 2691 2694 2697 2700
2703 2706 2709 2712 2715 2718 2721 2724 2727 2730 2733 2736 2739 2742 2745 2748 2751 2754
2757 2760 2763 2766 2769 2772 2775 2778 2781 2784 2787 2790 2793 2796 2799 2802 2805 2808
2811 2814 2817 2820 2823 2826 2829 2832 2835 2838 2841 2844 2847 2850 2853 2856 2859 2862
2865 2868 2871 2874 2877 2880 2883 2886 2889 2892 2895 2898 2901 2904 2907 2910 2913 2916
2919 2922 2925 2928 2931 2934 2937 2940 2943 2946 2949 2952 2955 2958 2961 2964 2967 2970
2973 2976 2979 2982 2985 2988 2991 2994 2997 3000 3003 3006 3009 3012 3015 3018 3021 3024
3027 3030 3033 3036 3039 3042 3045 3048 3051 3054 3057 3060 3063 3066 3069 3072 3075 3078
3081 3084 3087 3090 3093 3096 3099 3102 3105 3108 3111 3114 3117 3120 3123 3126 3129 3132
3135 3138 3141 3144 3147 3150 3153 3156 3159 3162 3165 3168 3171 3174 3177 3180 3183 3186
3189 3192 3195 3198 3201 3204 3207 3210 3213 3216 3219 3222 3225 3228 3231 3234 3237 3240
3243 3246 3249 3252 3255 3258 3261 3264 3267 3270 3273 3276 3279 3282 3285 3288 3291 3294
3297 3300 3303 3306 3309 3312 3315 3318 3321 3324 3327 3330 3333 3336 3339 3342 3345 3348
3351 3354 3357 3360 3363 3366 3369 3372 3375 3378 3381 3384 3387 3390 3393 3396 3399 3402
3405 3408 3411 3414 3417 3420 3423 3426 3429 3432 3435 3438 3441 3444 3447 3450 3453 3456
3459 3462 3465 3468 3471 3474 3477 3480 3483 3486 3489 3492 3495 3498 3501 3504 3507 3510
3513 3516 3519 3522 3525 3528 3531 3534 3537 3540 3543 3546 3549 3552 3555 3558 3561 3564
3567 3570 3573 3576 3579 3582 3585 3588 3591 3594 3597 3600 3603 3606 3609 3612 3615 3618
3621 3624 3627 3630 3633 3636 3639 3642 3645 3648 3651 3654 3657 3660 3663 3666 3669 3672
3675 3678 3681 3684 3687 3690 3693 3696 3699 3702 3705 3708 3711 3714 3717 3720 3723 3726
3729 3732 3735 3738 3741 3744 3747 3750 3753 3756 3759 3762 3765 3768 3771 3774 3777 3780
3783 3786 3789 3792 3795 3798 3801 3804 3807 3810 3813 3816 3819 3822 3825 3828 3831 3834
3837 3840 3843 3846 3849 3852 3855 3858 3861 3864 3867 3870 3873 3876 3879 3882 3885 3888
3891 3894 3897 3900 3903 3906 3909 3912 3915 3918 3921 3924 3927 3930 3933 3936 3939 3942
3945 3948 3951 3954 3957 3960 3963 3966 3969 3972 3975 3978 3981 3984 3987 3990 3993 3996
3999 4002 4005 4008 4011 4014 4017 4020 4023 4026 4029 4032 4035 4038 4041 4044 4047 4050
4053 4056 4059 4062 4065 4068 4071 4074 4077 4080 4083 4086 4089 4092 4095 4098 4101 4104
4107 4110 4113 4116 4119 4122 4125 4128 4131 4134 4137 4140 4143 4146 4149 4152 4155 4158
4161 4164 4167 4170 4173 4176 4179 4182 4185 4188 4191 4194 4197 4200 4203 4206 4209 4212
4215 4218 4221 4224 4227 4230 4233 4236 4239 4242 4245 4248 4251 4254 4257 4260 4263 4266
4269 4272 4275 4278 4281 4284 4287 4290 4293 4296 4299 4302 4305 4308 4311 4314 4317 4320
4323 4326 4329 4332 4335 4338 4341 4344 4347 4350 4353 4356 4359 4362 4365 4368 4371 4374
4377 4380 4383 4386 4389 4392 4395 4398 4401 4404 4407 4410 4413 4416 4419 4422 4425 4428
4431 4434 4437 4440 4443 4446 4449 4452 4455 4458 4461 4464 4467 4470 4473 4476 4479 4482
4485 4488 4491 4494 4497 4500 4503 4506 4509 4512 4515 4518 4521 4524 4527 4530 4533 4536
4539 4542 4545 4548 4551 4554 4557 4560 4563 4566 4569 4572 4575 4578 4581 4584 4587 4590
4593 4596 4599 4602 4605 4608 4611 4614 4617 4620 4623 4626 4629 4632 4635 4638 4641 4644
4647 4650 4653 4656 4659 4662 4665 4668 4671 4674 4677 4680 4683 4686 4689 4692 4695 4698
4701 4704 4707 4710 4713 4716 4719 4722 4725 4728 4731 4734 4737 4740 4743 4746 4749 4752
4755 4758 4761 4764 4767 4770 4773 4776 4779 4782 4785 4788 4791 4794 4797 4800 4803 4806
4809 4812 4815 4818 4821 4824 4827 4830 4833 4836 4839 4842 4845 4848 4851 4854 4857 4860
4863 4866 4869 4872 4875 4878 4881 4884 4887 4890 4893 4896 4899 4902 4905 4908 4911 4914
4917 4920 4923 4926 4929 4932 4935 4938 4941 4944 4947 4950 4953 4956 4959 4962 4965 4968
4971 4974 4977 4980 4983 4986 4989 4992 4995 4998 5001 5004 5007 5010 5013 5016 5019 5022
5025 5028 5031 5034 5037 5040 5043 5046 5049 5052 5055 5058 5061 5064 5067 5070 5073 5076
5079 5082 5085 5088 5091 5094 5097 5100 5103 5106 5109 5112 5115 5118 5121 5124 5127 5130
5133 5136 5139 5142 5145 5148 5151 5154 5157 5160 5163 5166 5169 5172 5175 5178 5181 5184
5187 5190 5193 5196 5199 5202 5205 5208 5211 5214 5217 5220 5223 5226 5229 5232 5235 5238
5241 5244 5247 5250 5253 5256 5259 5262 5265 5268 5271 5274 5277 5280 5283 5286 5289 5292
5295 5298 5301 5304 5307 5310 5313 5316 5319 5322 5325 5328 5331 5334 5337 5340 5343 5346
5349 5352 5355 5358 5361 5364 5367 5370 5373 5376 5379 5382 5385 5388 5391 5394 5397 5400
5403 5406 5409 5412 5415 5418 5421 5424 5427 5430 5433 5436 5439 5442 5445 5448 5451 5454
5457 5460 5463 5466 5469 5472 5475 5478 5481 5484 5487 5490 5493 5496 5499 5502 5505 5508
5511 5514 5517 5520 5523 5526 5529 5532 5535 5538 5541 5544 5547 5550 5553 5556 5559 5562
5565 5568 5571 5574 5577 5580 5583 5586 5589 5592 5595 5598 5601 5604 5607 5610 5613 5616
5619 5622 5625 5628 5631 5634 5637 5640 5643 5646 5649 5652 5655 5658 5661 5664 5667 5670
5673 5676 5679 5682 5685 5688 5691 5694 5697 5700 5703 5706 5709 5712 5715 5718 5721 5724
5727 5730 5733 5736 5739 5742 5745 5748 5751 5754 5757 5760 5763 5766 5769 5772 5775 5778
5781 5784 5787 5790 5793 5796 5799 5802 5805 5808 5811 5814 5817 5820 5823 5826 5829 5832
5835 5838 5841 5844 5847 5850 5853 5856 5859 5862 5865 5868 5871 5874 5877 5880 5883 5886
5889 5892 5895 5898 5901 5904 5907 5910 5913 5916 5919 5922 5925 5928 5931 5934 5937 5940
5943 5946 5949 5952 5955 5958 5961 5964 5967 5970 5973 5976 5979 5982 5985 5988 5991 5994
5997 6000 6003 6006 6009 6012 6015 6018 6021 6024 6027 6030 6033 6036 6039 6042 6045 6048
6051 6054 6057 6060 6063 6066 6069 6072 6075 6078 6081 6084 6087 6090 6093 6096 6099 6102
6105 6108 6111 6114 6117 6120 6123 6126 6129 6132 6135 6138 6141 6144 6147 6150 6153 6156
6159 6162 6165 6168 6171 6174 6177 6180 6183 6186 6189 6192 6195 6198 6201 6204 6207 6210
6213 6216 6219 6222 6225 6228 6231 6234 6237 6240 6243 6246 6249 6252 6255 6258 6261 6264
6267 6270 6273 6276 6279 6282 6285 6288 6291 6294 6297 6300 6303 6306 6309 6312 6315 6318
6321 6324 6327 6330 6333 6336 6339 6342 6345 6348 6351 6354 6357 6360 6363 6366 6369 6372
6375 6378 6381 6384 6387 6390 6393 6396 6399 6402 6405 6408 6411 6414 6417 6420 6423 6426
6429 6432 6435 6438 6441 6444 6447 6450 6453 6456 6459 6462 6465 6468 6471 6474 6477 6480
6483 6486 6489 6492 6495 6498 6501 6504 6507 6510 6513 6516 6519 6522 6525 6528 6531 6534
6537 6540 6543 6546 6549 6552 6555 6558 6561 6564 6567 6570 6573 6576 6579 6582 6585 6588
6591 6594 6597 6600 6603 6606 6609 6612 6615 6618 6621 6624 6627 6630 6633 6636 6639 6642
6645 6648 6651 6654 6657 6660 6663 6666 6669 6672 6675 6678 6681 6684 6687 6690 6693 6696
6699 6702 6705 6708 6711 6714 6717 6720 6723 6726 6729 6732 6735 6738 6741 6744 6747 6750
6753 6756 6759 6762 6765 6768 6771 6774 6777 6780 6783 6786 6789 6792 6795 6798 6801 6804
6807 6810 6813 6816 6819 6822 6825 6828 6831 6834 6837 6840 6843 6846 6849 6852 6855 6858
6861 6864 6867 6870 6873 6876 6879 6882 6885 6888 6891 6894 6897 6900 6903 6906 6909 6912
6915 6918 6921 6924 6927 6930 6933 6936 6939 6942 6945 6948 6951 6954 6957 6960 6963 6966
6969 6972 6975 6978 6981 6984 6987 6990 6993 6996 6999 7002 7005 7008 7011 7014 7017 7020
7023 7026 7029 7032 7035 7038 7041 7044 7047 7050 7053 7056 7059 7062 7065 7068 7071 7074
7077 7080 7083 7086 7089 7092 7095 7098 7101 7104 7107 7110 7113 7116 7119 7122 7125 7128
7131 7134 7137 7140 7143 7146 7149 7152 7155 7158 7161 7164 7167 7170 7173 7176 7179 7182
7185 7188 7191 7194 7197 7200 7203 7206 7209 7212 7215 7218 7221 7224 7227 7230 7233 7236
7239 7242 7245 7248 7251 7254 7257 7260 7263 7266 7269 7272 7275 7278 7281 7284 7287 7290
7293 7296 7299 7302 7305 7308 7311 7314 7317 7320 7323 7326 7329 7332 7335 7338 7341 7344
7347 7350 7353 7356 7359 7362 7365 7368 7371 7374 7377 7380 7383 7386 7389 7392 7395 7398
7401 7404 7407 7410 7413 7416 7419 7422 7425 7428 7431 7434 7437 7440 7443 7446 7449 7452
7455 7458 7461 7464 7467 7470 7473 7476 7479 7482 7485 7488 7491 7494 7497 7500 7503 7506
7509 7512 7515 7518 7521 7524 7527 7530 7533 7536 7539 7542 7545 7548 7551 7554 7557 7560
7563 7566 7569 7572 7575 7578 7581 7584 7587 7590 7593 7596 7599 7602 7605 7608 7611 7614
7617 7620 7623 7626 7629 7632 7635 7638 7641 7644 7647 7650 7653 7656 7659 7662 7665 7668
7671 7674 7677 7680 7683 7686 7689 7692 7695 7698 7701 7704 7707 7710 7713 7716 7719 7722
7725 7728 7731 7734 7737 7740 7743 7746 7749 7752 7755 7758 7761 7764 7767 7770 7773 7776
7779 7782 7785 7788 7791 7794 7797 7800 7803 7806 7809 7812 7815 7818 7821 7824 7827 7830
7833 7836 7839 7842 7845 7848 7851 7854 7857 7860 7863 7866 7869 7872 7875 7878 7881 7884
7887 7890 7893 7896 7899 7902 7905 7908 7911 7914
        </DataArray>
      </Polys>
    </Piece>
  </PolyData>
</VTKFile>
